"id","day","beep","counter","pa","na","appreciation"
125,1,1,1,NA,NA,NA
125,1,2,2,NA,NA,NA
125,1,3,3,2.4,2.6,2
125,1,4,4,3,2.4,1
125,1,5,5,2,2.6,1
125,2,1,6,1.8,3,1
125,2,2,7,2,2.4,1
125,2,3,8,2,2.6,1
125,2,4,9,2.8,1.8,1
125,2,5,10,2.8,2.6,1
125,3,1,11,NA,NA,NA
125,3,2,12,NA,NA,NA
125,3,3,13,NA,NA,NA
125,3,4,14,NA,NA,NA
125,3,5,15,2.4,2.2,1
125,4,1,16,2.6,1.6,2
125,4,2,17,1.6,3.8,1
125,4,3,18,2.2,2.4,1
125,4,4,19,3,1.8,1
125,4,5,20,2.4,1.4,2
125,5,1,21,2.8,3,1
125,5,2,22,3.6,1.2,4
125,5,3,23,3,1.8,2
125,5,4,24,3.2,1.4,1
125,5,5,25,2.6,2.2,3
125,6,1,26,2,3,3
125,6,2,27,2.6,2.6,3
125,6,3,28,2.4,2,4
125,6,4,29,2.4,2.4,5
125,6,5,30,2.4,2,4
125,7,1,31,NA,NA,NA
125,7,2,32,NA,NA,NA
125,7,3,33,NA,NA,NA
125,7,4,34,2.4,2,3
125,7,5,35,2.6,2.4,4
125,8,1,36,2.4,2.4,4
125,8,2,37,2.2,2.4,5
125,8,3,38,2.2,2.6,2
125,8,4,39,2,2.4,2
125,8,5,40,2.2,2.2,4
125,9,1,41,NA,NA,NA
125,9,2,42,NA,NA,NA
125,9,3,43,2,2,3
125,9,4,44,2,2.4,4
125,9,5,45,2.2,2.8,2
125,10,1,46,2.4,2.2,4
125,10,2,47,2.6,2.4,3
125,10,3,48,2.4,2.2,4
125,10,4,49,NA,NA,NA
125,10,5,50,NA,NA,NA
125,11,1,51,NA,NA,NA
125,11,2,52,NA,NA,NA
125,11,3,53,2.4,1.8,4
125,11,4,54,2,2,4
125,11,5,55,NA,NA,NA
125,12,1,56,NA,NA,NA
125,12,2,57,2.2,1.8,3
125,12,3,58,2.2,1.8,4
125,12,4,59,2.4,2,5
125,12,5,60,1.8,2,3
125,13,1,61,NA,NA,NA
125,13,2,62,NA,NA,NA
125,13,3,63,2,2.2,3
125,13,4,64,NA,NA,NA
125,13,5,65,NA,NA,NA
125,14,1,66,NA,NA,NA
125,14,2,67,NA,NA,NA
125,14,3,68,2.2,1.8,4
125,14,4,69,1.8,2.2,2
125,14,5,70,2,2.4,5
126,1,1,1,NA,NA,NA
126,1,2,2,2.6,2.6,3
126,1,3,3,2.4,2,4
126,1,4,4,2.4,2.4,5
126,1,5,5,2.4,2,4
126,2,1,6,1.6,2.2,2
126,2,2,7,NA,NA,NA
126,2,3,8,NA,NA,NA
126,2,4,9,2.6,2.4,4
126,2,5,10,2.4,2.4,4
126,3,1,11,2.2,2.4,5
126,3,2,12,2.2,2.6,2
126,3,3,13,2,2.4,2
126,3,4,14,2.2,2.2,4
126,3,5,15,NA,NA,NA
126,4,1,16,NA,NA,NA
126,4,2,17,2,2,3
126,4,3,18,2,2.4,4
126,4,4,19,2.2,2.8,2
126,4,5,20,2.4,2.2,4
126,5,1,21,2.6,2.4,3
126,5,2,22,2.4,2.2,4
126,5,3,23,2.2,2.2,3
126,5,4,24,2.2,2.6,3
126,5,5,25,2.4,1.8,4
126,6,1,26,2,2,4
126,6,2,27,2,2.6,5
126,6,3,28,2.2,1.8,3
126,6,4,29,2.2,1.8,4
126,6,5,30,2.4,2,5
126,7,1,31,1.8,2,3
126,7,2,32,1.8,2.4,3
126,7,3,33,2,2.2,3
126,7,4,34,1.8,2,3
126,7,5,35,2.2,1.8,4
126,8,1,36,2.2,1.8,4
126,8,2,37,NA,NA,NA
126,8,3,38,NA,NA,NA
126,8,4,39,2,2.4,5
126,8,5,40,2.4,1.8,2
126,9,1,41,1.6,2.4,1
126,9,2,42,1.8,2.6,1
126,9,3,43,2.2,2.8,4
126,9,4,44,2.4,2.8,2
126,9,5,45,2.2,2,3
126,10,1,46,2,2.2,4
126,10,2,47,1.8,2.2,4
126,10,3,48,2.4,2.4,2
126,10,4,49,2.2,2.4,4
126,10,5,50,2.4,2,2
126,11,1,51,2,2.2,3
126,11,2,52,1.8,2.4,3
126,11,3,53,2.6,2,4
126,11,4,54,2.2,1.8,3
126,11,5,55,NA,NA,NA
126,12,1,56,NA,NA,NA
126,12,2,57,1.6,2.4,1
126,12,3,58,1.6,2.2,2
126,12,4,59,1.8,2.2,3
126,12,5,60,2.2,1.8,3
126,13,1,61,2,1.6,4
126,13,2,62,2,1.8,4
126,13,3,63,2,1.6,3
126,13,4,64,2.4,2.2,5
126,13,5,65,2.4,1.8,5
126,14,1,66,2,2.2,4
126,14,2,67,1.6,2.2,4
126,14,3,68,1.8,2.2,2
126,14,4,69,2.2,1.8,5
126,14,5,70,2.4,2,4
130,1,1,1,NA,NA,NA
130,1,2,2,NA,NA,NA
130,1,3,3,NA,NA,NA
130,1,4,4,2.4,1.8,1
130,1,5,5,2,1.4,1
130,2,1,6,3,1,5
130,2,2,7,2,1.8,2
130,2,3,8,2.6,1.4,1
130,2,4,9,2.2,1.8,1
130,2,5,10,2.8,1,5
130,3,1,11,NA,NA,NA
130,3,2,12,NA,NA,NA
130,3,3,13,2.6,1,4
130,3,4,14,2.6,1.2,3
130,3,5,15,2.6,1.2,3
130,4,1,16,2.2,1.2,2
130,4,2,17,2.8,1.2,3
130,4,3,18,1.6,1.6,1
130,4,4,19,2.8,1.2,1
130,4,5,20,2.4,1.4,1
130,5,1,21,2.4,1,2
130,5,2,22,2.8,1,1
130,5,3,23,2.2,1.4,1
130,5,4,24,NA,NA,NA
130,5,5,25,NA,NA,NA
130,6,1,26,1.6,1,3
130,6,2,27,3.2,1,5
130,6,3,28,NA,NA,NA
130,6,4,29,NA,NA,NA
130,6,5,30,NA,NA,NA
130,7,1,31,NA,NA,NA
130,7,2,32,2.6,1.8,1
130,7,3,33,NA,NA,NA
130,7,4,34,NA,NA,NA
130,7,5,35,2.2,1.2,3
130,8,1,36,2.4,1,1
130,8,2,37,2.8,1,1
130,8,3,38,NA,NA,NA
130,8,4,39,NA,NA,NA
130,8,5,40,2.6,1,2
130,9,1,41,NA,NA,NA
130,9,2,42,NA,NA,NA
130,9,3,43,2.2,1,5
130,9,4,44,2.2,1,3
130,9,5,45,1.6,1.2,1
130,10,1,46,2.4,1.2,1
130,10,2,47,2.2,1.2,1
130,10,3,48,1,1.4,1
130,10,4,49,2,1,1
130,10,5,50,1.8,1.2,2
130,11,1,51,NA,NA,NA
130,11,2,52,NA,NA,NA
130,11,3,53,2.2,1,1
130,11,4,54,2.2,1,1
130,11,5,55,NA,NA,NA
130,12,1,56,NA,NA,NA
130,12,2,57,NA,NA,NA
130,12,3,58,NA,NA,NA
130,12,4,59,1.8,1.6,1
130,12,5,60,NA,NA,NA
130,13,1,61,NA,NA,NA
130,13,2,62,NA,NA,NA
130,13,3,63,2.4,1,4
130,13,4,64,2.4,1,3
130,13,5,65,3,1,5
130,14,1,66,2.6,1.2,5
130,14,2,67,2.4,1,5
130,14,3,68,2.4,1,4
130,14,4,69,2.8,1,4
130,14,5,70,2.8,1,5
136,1,1,1,NA,NA,NA
136,1,2,2,1.2,1.8,1
136,1,3,3,2.4,1,2
136,1,4,4,1,1,1
136,1,5,5,1,1.6,1
136,2,1,6,1.2,1.4,2
136,2,2,7,1.2,1.8,1
136,2,3,8,1.8,1,4
136,2,4,9,2.2,1,3
136,2,5,10,1.4,1.2,3
136,3,1,11,2,1,5
136,3,2,12,1,1.2,1
136,3,3,13,NA,NA,NA
136,3,4,14,NA,NA,NA
136,3,5,15,1.4,1,3
136,4,1,16,1.2,1,4
136,4,2,17,1,1.2,1
136,4,3,18,1,1.4,2
136,4,4,19,1,1.2,1
136,4,5,20,NA,NA,NA
136,5,1,21,NA,NA,NA
136,5,2,22,NA,NA,NA
136,5,3,23,NA,NA,NA
136,5,4,24,NA,NA,NA
136,5,5,25,NA,NA,NA
136,6,1,26,NA,NA,NA
136,6,2,27,NA,NA,NA
136,6,3,28,1.4,1,4
136,6,4,29,NA,NA,NA
136,6,5,30,NA,NA,NA
136,7,1,31,NA,NA,NA
136,7,2,32,NA,NA,NA
136,7,3,33,1.2,1,5
136,7,4,34,1,1.2,3
136,7,5,35,1,1.2,3
136,8,1,36,1,1,4
136,8,2,37,1.4,1,2
136,8,3,38,1.4,1.2,1
136,8,4,39,1.4,1.2,1
136,8,5,40,1.2,1,4
136,9,1,41,1,1,4
136,9,2,42,1.4,1,2
136,9,3,43,NA,NA,NA
136,9,4,44,NA,NA,NA
136,9,5,45,1.2,1,4
136,10,1,46,NA,NA,NA
136,10,2,47,NA,NA,NA
136,10,3,48,NA,NA,NA
136,10,4,49,1,1,1
136,10,5,50,1.2,1,4
136,11,1,51,1,1,3
136,11,2,52,1,1,2
136,11,3,53,1,1,2
136,11,4,54,1,1,2
136,11,5,55,1.2,1,4
136,12,1,56,NA,NA,NA
136,12,2,57,NA,NA,NA
136,12,3,58,1,1,2
136,12,4,59,1,1,3
136,12,5,60,NA,NA,NA
136,13,1,61,NA,NA,NA
136,13,2,62,NA,NA,NA
136,13,3,63,1,1,1
136,13,4,64,1,1,3
136,13,5,65,NA,NA,NA
136,14,1,66,NA,NA,NA
136,14,2,67,NA,NA,NA
136,14,3,68,1,1,2
136,14,4,69,1,1,2
136,14,5,70,1,1,3
138,1,1,1,NA,NA,NA
138,1,2,2,4.2,1.2,5
138,1,3,3,3.4,3,4
138,1,4,4,4,2,4
138,1,5,5,3.2,1.8,2
138,2,1,6,2.4,2,4
138,2,2,7,3.2,1.4,3
138,2,3,8,2.8,2.4,4
138,2,4,9,2.2,1.8,3
138,2,5,10,NA,NA,NA
138,3,1,11,NA,NA,NA
138,3,2,12,1.2,3,3
138,3,3,13,1.8,2,5
138,3,4,14,2,1.4,5
138,3,5,15,2.6,1,5
138,4,1,16,2.2,1,5
138,4,2,17,3.4,1,5
138,4,3,18,NA,NA,NA
138,4,4,19,NA,NA,NA
138,4,5,20,NA,NA,NA
138,5,1,21,3,1,4
138,5,2,22,3.8,1,3
138,5,3,23,3.6,1,5
138,5,4,24,3.6,1,5
138,5,5,25,NA,NA,NA
138,6,1,26,NA,NA,NA
138,6,2,27,2.2,1.2,4
138,6,3,28,NA,NA,NA
138,6,4,29,NA,NA,NA
138,6,5,30,NA,NA,NA
138,7,1,31,NA,NA,NA
138,7,2,32,NA,NA,NA
138,7,3,33,NA,NA,NA
138,7,4,34,NA,NA,NA
138,7,5,35,NA,NA,NA
138,8,1,36,4.6,1,5
138,8,2,37,4.8,1,4
138,8,3,38,4.8,1,5
138,8,4,39,4.4,1,4
138,8,5,40,4.4,1.2,5
138,9,1,41,NA,NA,NA
138,9,2,42,NA,NA,NA
138,9,3,43,4.2,1.2,3
138,9,4,44,4,1.2,3
138,9,5,45,NA,NA,NA
138,10,1,46,NA,NA,NA
138,10,2,47,4.2,1,4
138,10,3,48,3.8,1,5
138,10,4,49,4,1.2,5
138,10,5,50,3.4,1.2,4
138,11,1,51,2.2,1.4,3
138,11,2,52,3.2,1.4,3
138,11,3,53,NA,NA,NA
138,11,4,54,NA,NA,NA
138,11,5,55,NA,NA,NA
138,12,1,56,1.8,1.6,2
138,12,2,57,2.2,1,2
138,12,3,58,1.6,2,1
138,12,4,59,1.2,2.6,4
138,12,5,60,2.6,1.2,4
138,13,1,61,NA,NA,NA
138,13,2,62,NA,NA,NA
138,13,3,63,NA,NA,NA
138,13,4,64,NA,NA,NA
138,13,5,65,NA,NA,NA
138,14,1,66,NA,NA,NA
138,14,2,67,NA,NA,NA
138,14,3,68,NA,NA,NA
138,14,4,69,NA,NA,NA
138,14,5,70,NA,NA,NA
139,1,1,1,NA,NA,NA
139,1,2,2,3.6,1.2,1
139,1,3,3,2.8,1.4,4
139,1,4,4,3.8,1,4
139,1,5,5,NA,NA,NA
139,2,1,6,NA,NA,NA
139,2,2,7,2.8,1.6,4
139,2,3,8,2.4,2.2,2
139,2,4,9,3.6,1,3
139,2,5,10,3.8,1,4
139,3,1,11,2.8,2.2,2
139,3,2,12,3,1.2,4
139,3,3,13,3.2,1,4
139,3,4,14,2.6,1.4,2
139,3,5,15,3.4,1.2,3
139,4,1,16,3.4,1,4
139,4,2,17,3.2,1.2,4
139,4,3,18,3.8,1,5
139,4,4,19,NA,NA,NA
139,4,5,20,NA,NA,NA
139,5,1,21,2.8,1.8,3
139,5,2,22,3.8,1,5
139,5,3,23,3.4,1,4
139,5,4,24,3.8,1,3
139,5,5,25,NA,NA,NA
139,6,1,26,NA,NA,NA
139,6,2,27,3.6,1.2,5
139,6,3,28,3.4,1,3
139,6,4,29,NA,NA,NA
139,6,5,30,NA,NA,NA
139,7,1,31,2,2.8,2
139,7,2,32,3.6,1,4
139,7,3,33,3.4,1,4
139,7,4,34,NA,NA,NA
139,7,5,35,NA,NA,NA
139,8,1,36,4,1.2,3
139,8,2,37,NA,NA,NA
139,8,3,38,NA,NA,NA
139,8,4,39,3.6,1,4
139,8,5,40,2.4,3,2
139,9,1,41,2.2,2,1
139,9,2,42,1.4,4.2,1
139,9,3,43,NA,NA,NA
139,9,4,44,NA,NA,NA
139,9,5,45,3.4,1,4
139,10,1,46,3.6,1,3
139,10,2,47,NA,NA,NA
139,10,3,48,NA,NA,NA
139,10,4,49,1.6,3.2,2
139,10,5,50,2.6,1.8,2
139,11,1,51,2.2,2,3
139,11,2,52,3.4,1,3
139,11,3,53,3.4,1,3
139,11,4,54,2.6,2.2,4
139,11,5,55,NA,NA,NA
139,12,1,56,NA,NA,NA
139,12,2,57,4.4,1,4
139,12,3,58,3.8,1,4
139,12,4,59,3.6,1,4
139,12,5,60,3.4,1,4
139,13,1,61,1.6,2.6,4
139,13,2,62,3.4,1,4
139,13,3,63,3.4,1.2,3
139,13,4,64,3.6,1,4
139,13,5,65,3.2,1,3
139,14,1,66,2,2,3
139,14,2,67,3.8,1.2,4
139,14,3,68,4,1,5
139,14,4,69,3.4,1.2,5
139,14,5,70,NA,NA,NA
140,1,1,1,NA,NA,NA
140,1,2,2,4,1.2,1
140,1,3,3,4.2,1.2,3
140,1,4,4,4.4,1,1
140,1,5,5,2.6,2.8,4
140,2,1,6,2.2,1,1
140,2,2,7,NA,NA,NA
140,2,3,8,NA,NA,NA
140,2,4,9,NA,NA,NA
140,2,5,10,NA,NA,NA
140,3,1,11,NA,NA,NA
140,3,2,12,NA,NA,NA
140,3,3,13,3.2,1.6,1
140,3,4,14,3.2,1,2
140,3,5,15,4.6,1,3
140,4,1,16,3.2,1,3
140,4,2,17,3,1,4
140,4,3,18,2.2,4,2
140,4,4,19,3,2,2
140,4,5,20,3.4,2.6,1
140,5,1,21,3,1,5
140,5,2,22,1.8,2.8,2
140,5,3,23,2.4,1.6,2
140,5,4,24,2.4,1.6,1
140,5,5,25,3.6,1.6,3
140,6,1,26,NA,NA,NA
140,6,2,27,NA,NA,NA
140,6,3,28,2.6,1.4,3
140,6,4,29,1.6,2.4,2
140,6,5,30,NA,NA,NA
140,7,1,31,NA,NA,NA
140,7,2,32,2.4,1.8,2
140,7,3,33,3,1.8,4
140,7,4,34,3,2.2,3
140,7,5,35,2.8,1.4,5
140,8,1,36,3.2,1,1
140,8,2,37,3.2,1.4,3
140,8,3,38,2.6,2.4,3
140,8,4,39,2.2,2,2
140,8,5,40,2.8,3.2,2
140,9,1,41,3.2,1.2,2
140,9,2,42,2.8,2.4,2
140,9,3,43,2.6,2.8,2
140,9,4,44,3.2,2.6,3
140,9,5,45,3.2,2.6,3
140,10,1,46,2.8,1.4,2
140,10,2,47,2.4,2.4,2
140,10,3,48,3,2.2,2
140,10,4,49,2.6,1.8,1
140,10,5,50,3.4,1.4,3
140,11,1,51,3.4,1.4,2
140,11,2,52,3.6,1.4,2
140,11,3,53,3.4,1.8,4
140,11,4,54,3.4,2.2,2
140,11,5,55,NA,NA,NA
140,12,1,56,NA,NA,NA
140,12,2,57,2.8,1.8,3
140,12,3,58,2.6,2,3
140,12,4,59,3.6,1.8,3
140,12,5,60,2.4,3.8,3
140,13,1,61,3.2,1.8,2
140,13,2,62,2.6,3.6,2
140,13,3,63,2.2,3,3
140,13,4,64,3,2.8,2
140,13,5,65,3.6,1.6,2
140,14,1,66,2.6,1.6,2
140,14,2,67,2.4,3.4,1
140,14,3,68,2.4,2.8,2
140,14,4,69,2.6,2.8,2
140,14,5,70,2.6,3.8,2
142,1,1,1,NA,NA,NA
142,1,2,2,2.2,1.8,1
142,1,3,3,2.2,2,2
142,1,4,4,2.4,2.4,2
142,1,5,5,3,1.6,2
142,2,1,6,3,1.8,3
142,2,2,7,NA,NA,NA
142,2,3,8,NA,NA,NA
142,2,4,9,3.2,1.6,3
142,2,5,10,3.2,1.6,3
142,3,1,11,2.4,1.8,3
142,3,2,12,2.4,2.8,1
142,3,3,13,3.2,1.8,3
142,3,4,14,2.8,1.6,3
142,3,5,15,3,2,3
142,4,1,16,1.8,2.6,2
142,4,2,17,2,2.6,2
142,4,3,18,2.6,2.2,3
142,4,4,19,2.6,2.2,2
142,4,5,20,2.6,2.4,3
142,5,1,21,NA,NA,NA
142,5,2,22,NA,NA,NA
142,5,3,23,2.8,1.4,3
142,5,4,24,2.6,1.8,3
142,5,5,25,2.6,2,3
142,6,1,26,2.8,1.8,3
142,6,2,27,3,1.8,2
142,6,3,28,3,1.6,3
142,6,4,29,NA,NA,NA
142,6,5,30,NA,NA,NA
142,7,1,31,NA,NA,NA
142,7,2,32,NA,NA,NA
142,7,3,33,3,1.8,3
142,7,4,34,NA,NA,NA
142,7,5,35,NA,NA,NA
142,8,1,36,2.8,2.2,3
142,8,2,37,2,2.8,3
142,8,3,38,2.4,2.4,2
142,8,4,39,2.6,2.4,3
142,8,5,40,2.6,2.4,3
142,9,1,41,NA,NA,NA
142,9,2,42,NA,NA,NA
142,9,3,43,NA,NA,NA
142,9,4,44,NA,NA,NA
142,9,5,45,2.8,2.6,3
142,10,1,46,2,3,2
142,10,2,47,NA,NA,NA
142,10,3,48,NA,NA,NA
142,10,4,49,2.4,2.6,3
142,10,5,50,2,2.8,2
142,11,1,51,2,2.2,2
142,11,2,52,2.2,2.8,2
142,11,3,53,2.6,2.8,2
142,11,4,54,2,2.6,2
142,11,5,55,2.2,2.6,2
142,12,1,56,2.2,2.4,3
142,12,2,57,2,2.6,2
142,12,3,58,2,3,3
142,12,4,59,2.4,3,2
142,12,5,60,2.8,2.8,2
142,13,1,61,2.6,2.2,4
142,13,2,62,2.6,3,3
142,13,3,63,NA,NA,NA
142,13,4,64,NA,NA,NA
142,13,5,65,2.2,2.2,3
142,14,1,66,NA,NA,NA
142,14,2,67,NA,NA,NA
142,14,3,68,NA,NA,NA
142,14,4,69,3,2.4,4
142,14,5,70,NA,NA,NA
143,1,1,1,NA,NA,NA
143,1,2,2,3.4,1,3
143,1,3,3,3.4,1,3
143,1,4,4,NA,NA,NA
143,1,5,5,NA,NA,NA
143,2,1,6,3,1,3
143,2,2,7,2.8,1.8,3
143,2,3,8,2.8,1.4,2
143,2,4,9,NA,NA,NA
143,2,5,10,NA,NA,NA
143,3,1,11,2.6,1.4,3
143,3,2,12,2.2,1,3
143,3,3,13,2.8,1.4,2
143,3,4,14,2.6,1.2,3
143,3,5,15,3,2.4,3
143,4,1,16,2.8,2.2,3
143,4,2,17,2.2,1,2
143,4,3,18,2.8,1.4,3
143,4,4,19,2.8,1.8,3
143,4,5,20,NA,NA,NA
143,5,1,21,NA,NA,NA
143,5,2,22,1.4,2,2
143,5,3,23,1.4,1.6,3
143,5,4,24,2.8,1.6,3
143,5,5,25,2.8,1,3
143,6,1,26,2.2,1.8,2
143,6,2,27,2.2,1.8,3
143,6,3,28,2.4,1.6,3
143,6,4,29,2.4,1.6,3
143,6,5,30,2.8,1.8,3
143,7,1,31,2.6,1.4,3
143,7,2,32,NA,NA,NA
143,7,3,33,NA,NA,NA
143,7,4,34,NA,NA,NA
143,7,5,35,2.6,1.4,3
143,8,1,36,2.8,1.4,3
143,8,2,37,1.2,1.8,1
143,8,3,38,2.4,1,3
143,8,4,39,2.8,1.6,4
143,8,5,40,NA,NA,NA
143,9,1,41,NA,NA,NA
143,9,2,42,3,1.6,3
143,9,3,43,2.8,1.6,3
143,9,4,44,2.8,2,1
143,9,5,45,2.8,1.8,3
143,10,1,46,2.8,1.2,3
143,10,2,47,2.8,1.6,3
143,10,3,48,2.8,1.8,3
143,10,4,49,NA,NA,NA
143,10,5,50,NA,NA,NA
143,11,1,51,2.8,1.6,3
143,11,2,52,2.4,1.8,3
143,11,3,53,2,2,3
143,11,4,54,2.8,1.2,3
143,11,5,55,NA,NA,NA
143,12,1,56,NA,NA,NA
143,12,2,57,2.4,2,3
143,12,3,58,2.8,1.8,3
143,12,4,59,NA,NA,NA
143,12,5,60,NA,NA,NA
143,13,1,61,4,2.4,4
143,13,2,62,3.2,1.8,2
143,13,3,63,3.2,1.8,2
143,13,4,64,NA,NA,NA
143,13,5,65,NA,NA,NA
143,14,1,66,2.8,2,3
143,14,2,67,NA,NA,NA
143,14,3,68,NA,NA,NA
143,14,4,69,2.4,2.6,1
143,14,5,70,2.8,2,1
144,1,1,1,NA,NA,NA
144,1,2,2,3,1,4
144,1,3,3,1.8,2,3
144,1,4,4,1.4,2.6,3
144,1,5,5,2.2,2,4
144,2,1,6,3,1,5
144,2,2,7,2.4,1.2,3
144,2,3,8,1.2,2.6,2
144,2,4,9,1,3,1
144,2,5,10,3.8,1,5
144,3,1,11,4,1,5
144,3,2,12,3,1,3
144,3,3,13,2.2,1.8,3
144,3,4,14,1,3.2,1
144,3,5,15,1.2,3.2,1
144,4,1,16,1.2,3.2,1
144,4,2,17,2.6,1.4,3
144,4,3,18,3,1.4,4
144,4,4,19,3.4,1,4
144,4,5,20,1,2.8,1
144,5,1,21,1,3.2,2
144,5,2,22,NA,NA,NA
144,5,3,23,NA,NA,NA
144,5,4,24,NA,NA,NA
144,5,5,25,1,3.4,1
144,6,1,26,2.6,1.6,4
144,6,2,27,NA,NA,NA
144,6,3,28,NA,NA,NA
144,6,4,29,4,1,5
144,6,5,30,3.8,1,5
144,7,1,31,3.8,1,5
144,7,2,32,NA,NA,NA
144,7,3,33,NA,NA,NA
144,7,4,34,1.4,1.8,3
144,7,5,35,2.8,1.4,4
144,8,1,36,2.8,1,5
144,8,2,37,1.8,2,2
144,8,3,38,1.8,2.6,1
144,8,4,39,1.8,1.8,2
144,8,5,40,1.4,2.4,2
144,9,1,41,1.4,1.8,2
144,9,2,42,1.6,2,2
144,9,3,43,2.4,1.2,3
144,9,4,44,2.6,1.4,3
144,9,5,45,3.2,1.2,4
144,10,1,46,3.6,1,5
144,10,2,47,4,1,5
144,10,3,48,3,1.2,4
144,10,4,49,3,1.2,4
144,10,5,50,2,1.6,3
144,11,1,51,NA,NA,NA
144,11,2,52,NA,NA,NA
144,11,3,53,2.6,1.2,4
144,11,4,54,3.2,1.2,5
144,11,5,55,3.6,1,5
144,12,1,56,4,1,5
144,12,2,57,2.4,1.2,4
144,12,3,58,2.8,1,4
144,12,4,59,1.4,2.2,3
144,12,5,60,3,1.2,4
144,13,1,61,NA,NA,NA
144,13,2,62,NA,NA,NA
144,13,3,63,NA,NA,NA
144,13,4,64,4.2,1,5
144,13,5,65,2.4,1.6,3
144,14,1,66,1.2,2,2
144,14,2,67,1.4,2.2,2
144,14,3,68,1,1.8,2
144,14,4,69,2.8,1,3
144,14,5,70,3.2,1,4
145,1,1,1,NA,NA,NA
145,1,2,2,NA,NA,NA
145,1,3,3,3.8,1.2,4
145,1,4,4,4,1,4
145,1,5,5,3.8,1,4
145,2,1,6,3.8,1,4
145,2,2,7,3.6,1.4,4
145,2,3,8,3.8,1.4,3
145,2,4,9,NA,NA,NA
145,2,5,10,NA,NA,NA
145,3,1,11,3.8,1,4
145,3,2,12,3,2,3
145,3,3,13,4,1,5
145,3,4,14,4,1,4
145,3,5,15,4,1,3
145,4,1,16,3.8,1,4
145,4,2,17,3.8,1,5
145,4,3,18,4.2,1,5
145,4,4,19,4,1,5
145,4,5,20,4.6,1,5
145,5,1,21,4,1,5
145,5,2,22,3.4,1,4
145,5,3,23,4.6,1,5
145,5,4,24,NA,NA,NA
145,5,5,25,NA,NA,NA
145,6,1,26,3.6,1,4
145,6,2,27,NA,NA,NA
145,6,3,28,NA,NA,NA
145,6,4,29,4,1,3
145,6,5,30,4,1,2
145,7,1,31,3.6,1,4
145,7,2,32,NA,NA,NA
145,7,3,33,NA,NA,NA
145,7,4,34,NA,NA,NA
145,7,5,35,3.8,1,3
145,8,1,36,4.6,1,3
145,8,2,37,3.8,1.4,5
145,8,3,38,4,1.2,3
145,8,4,39,4,1,3
145,8,5,40,3.6,1,3
145,9,1,41,4,1,3
145,9,2,42,NA,NA,NA
145,9,3,43,NA,NA,NA
145,9,4,44,4,1.2,2
145,9,5,45,4,1,3
145,10,1,46,2.8,1.8,4
145,10,2,47,2.4,2.6,5
145,10,3,48,NA,NA,NA
145,10,4,49,NA,NA,NA
145,10,5,50,3.8,1.2,3
145,11,1,51,3.2,1.2,4
145,11,2,52,NA,NA,NA
145,11,3,53,NA,NA,NA
145,11,4,54,3.8,1,3
145,11,5,55,3.8,1,3
145,12,1,56,3.8,1,5
145,12,2,57,3.6,1,5
145,12,3,58,NA,NA,NA
145,12,4,59,NA,NA,NA
145,12,5,60,3.6,1,3
145,13,1,61,3.8,1,3
145,13,2,62,3,1.8,4
145,13,3,63,3.6,1.4,2
145,13,4,64,3.6,1.2,3
145,13,5,65,3.6,1.4,3
145,14,1,66,3.8,1,5
145,14,2,67,3.8,1.4,4
145,14,3,68,3.8,1.4,3
145,14,4,69,3.4,1.4,3
145,14,5,70,3.8,1,3
146,1,1,1,NA,NA,NA
146,1,2,2,NA,NA,NA
146,1,3,3,NA,NA,NA
146,1,4,4,NA,NA,NA
146,1,5,5,2.6,1.4,1
146,2,1,6,3.4,1.4,3
146,2,2,7,3.8,1,3
146,2,3,8,4.4,1,5
146,2,4,9,5,1,5
146,2,5,10,4.2,1,5
146,3,1,11,3.4,1,5
146,3,2,12,4.2,1.2,4
146,3,3,13,NA,NA,NA
146,3,4,14,NA,NA,NA
146,3,5,15,NA,NA,NA
146,4,1,16,NA,NA,NA
146,4,2,17,3.4,1,2
146,4,3,18,2.2,1.2,2
146,4,4,19,3.4,1,3
146,4,5,20,5,2,5
146,5,1,21,NA,NA,NA
146,5,2,22,NA,NA,NA
146,5,3,23,2.8,3,1
146,5,4,24,2.8,2.4,5
146,5,5,25,4,1.4,5
146,6,1,26,NA,NA,NA
146,6,2,27,NA,NA,NA
146,6,3,28,4.4,2,5
146,6,4,29,4,2.4,5
146,6,5,30,4.4,1.6,5
146,7,1,31,3,2.8,5
146,7,2,32,NA,NA,NA
146,7,3,33,NA,NA,NA
146,7,4,34,NA,NA,NA
146,7,5,35,4,2.6,5
146,8,1,36,3.8,2.4,5
146,8,2,37,4,1.8,5
146,8,3,38,3.4,1.6,4
146,8,4,39,4.2,1,5
146,8,5,40,2.4,3,1
146,9,1,41,3.6,1.2,4
146,9,2,42,3.6,1.2,2
146,9,3,43,4.2,1.4,3
146,9,4,44,2.4,2.6,2
146,9,5,45,3.8,1,3
146,10,1,46,NA,NA,NA
146,10,2,47,NA,NA,NA
146,10,3,48,NA,NA,NA
146,10,4,49,NA,NA,NA
146,10,5,50,2.4,2.6,1
146,11,1,51,3.4,1.2,3
146,11,2,52,2.8,1,3
146,11,3,53,2.6,1.8,2
146,11,4,54,3.2,1,3
146,11,5,55,3.8,1,3
146,12,1,56,4.4,1,5
146,12,2,57,4,1,5
146,12,3,58,4,1,4
146,12,4,59,3.6,1,3
146,12,5,60,3.8,1,4
146,13,1,61,NA,NA,NA
146,13,2,62,NA,NA,NA
146,13,3,63,NA,NA,NA
146,13,4,64,4,1,4
146,13,5,65,3.8,1,4
146,14,1,66,NA,NA,NA
146,14,2,67,NA,NA,NA
146,14,3,68,NA,NA,NA
146,14,4,69,3.4,1.2,3
146,14,5,70,2.4,2.8,3
147,1,1,1,NA,NA,NA
147,1,2,2,NA,NA,NA
147,1,3,3,NA,NA,NA
147,1,4,4,NA,NA,NA
147,1,5,5,3.8,1,5
147,2,1,6,4.4,1,5
147,2,2,7,3.4,2,4
147,2,3,8,NA,NA,NA
147,2,4,9,NA,NA,NA
147,2,5,10,NA,NA,NA
147,3,1,11,NA,NA,NA
147,3,2,12,NA,NA,NA
147,3,3,13,NA,NA,NA
147,3,4,14,NA,NA,NA
147,3,5,15,NA,NA,NA
147,4,1,16,3.4,1.2,4
147,4,2,17,3.2,1.2,2
147,4,3,18,4.2,1,4
147,4,4,19,3.4,2.2,2
147,4,5,20,4.2,1,4
147,5,1,21,3.2,1.8,3
147,5,2,22,4.2,1,3
147,5,3,23,4,1,5
147,5,4,24,3.6,1.2,4
147,5,5,25,3.8,1.4,4
147,6,1,26,3.2,1.8,4
147,6,2,27,4,1,3
147,6,3,28,4.2,1,4
147,6,4,29,4.4,1.2,4
147,6,5,30,3.2,1.2,4
147,7,1,31,3.2,1.6,4
147,7,2,32,3,1.8,3
147,7,3,33,4.2,1,4
147,7,4,34,3.6,1.4,4
147,7,5,35,2.2,3.2,3
147,8,1,36,3.2,2.2,4
147,8,2,37,2,1.6,1
147,8,3,38,2,2.4,3
147,8,4,39,1.6,3.6,1
147,8,5,40,2.4,4.4,2
147,9,1,41,2.2,1.4,2
147,9,2,42,NA,NA,NA
147,9,3,43,NA,NA,NA
147,9,4,44,NA,NA,NA
147,9,5,45,NA,NA,NA
147,10,1,46,2,3.4,1
147,10,2,47,2.8,2.4,2
147,10,3,48,3.8,1.4,3
147,10,4,49,3,1.6,3
147,10,5,50,2,2.6,2
147,11,1,51,NA,NA,NA
147,11,2,52,NA,NA,NA
147,11,3,53,3.8,1,4
147,11,4,54,2.6,1.8,1
147,11,5,55,3.4,1.2,3
147,12,1,56,3.6,1.8,3
147,12,2,57,3.4,1.6,4
147,12,3,58,3,1.2,3
147,12,4,59,3.4,1.6,3
147,12,5,60,4,1,3
147,13,1,61,2.2,1.4,3
147,13,2,62,4,1.2,2
147,13,3,63,3.2,1.6,3
147,13,4,64,3.8,1,5
147,13,5,65,3.4,1.4,3
147,14,1,66,2.4,2.8,2
147,14,2,67,NA,NA,NA
147,14,3,68,NA,NA,NA
147,14,4,69,NA,NA,NA
147,14,5,70,NA,NA,NA
148,1,1,1,NA,NA,NA
148,1,2,2,NA,NA,NA
148,1,3,3,3.4,1,3
148,1,4,4,2.6,1.8,1
148,1,5,5,3.2,1,2
148,2,1,6,3.4,1.4,2
148,2,2,7,2,2.4,1
148,2,3,8,1.8,2.6,1
148,2,4,9,1.4,3.6,1
148,2,5,10,1.8,2.6,1
148,3,1,11,4,1,5
148,3,2,12,2.6,1.2,3
148,3,3,13,3.4,1.4,1
148,3,4,14,3.2,1.4,2
148,3,5,15,3.2,1.4,3
148,4,1,16,3.2,1.4,5
148,4,2,17,NA,NA,NA
148,4,3,18,NA,NA,NA
148,4,4,19,NA,NA,NA
148,4,5,20,4.4,1.2,3
148,5,1,21,4.2,1,5
148,5,2,22,NA,NA,NA
148,5,3,23,NA,NA,NA
148,5,4,24,NA,NA,NA
148,5,5,25,NA,NA,NA
148,6,1,26,4.2,1.2,5
148,6,2,27,3.4,1.2,5
148,6,3,28,2.6,1.8,4
148,6,4,29,4.6,1.2,5
148,6,5,30,3.8,1.4,5
148,7,1,31,4.6,1.2,5
148,7,2,32,NA,NA,NA
148,7,3,33,NA,NA,NA
148,7,4,34,3.8,1.8,5
148,7,5,35,5,1.2,5
148,8,1,36,3.4,1,5
148,8,2,37,NA,NA,NA
148,8,3,38,NA,NA,NA
148,8,4,39,NA,NA,NA
148,8,5,40,NA,NA,NA
148,9,1,41,NA,NA,NA
148,9,2,42,NA,NA,NA
148,9,3,43,NA,NA,NA
148,9,4,44,NA,NA,NA
148,9,5,45,NA,NA,NA
148,10,1,46,NA,NA,NA
148,10,2,47,2,2,1
148,10,3,48,NA,NA,NA
148,10,4,49,NA,NA,NA
148,10,5,50,1.4,3.2,1
148,11,1,51,3.2,1.4,3
148,11,2,52,2,2.4,2
148,11,3,53,1.2,3.2,1
148,11,4,54,1.2,3.4,1
148,11,5,55,1.4,3.4,2
148,12,1,56,2.8,1.8,3
148,12,2,57,2.6,1.6,2
148,12,3,58,NA,NA,NA
148,12,4,59,NA,NA,NA
148,12,5,60,3.8,1.4,3
148,13,1,61,4,1.2,5
148,13,2,62,3.8,1,5
148,13,3,63,4.2,1.4,5
148,13,4,64,4.6,1.2,5
148,13,5,65,4.2,1.2,5
148,14,1,66,3.8,1.8,5
148,14,2,67,4.2,1.4,5
148,14,3,68,5,1.2,5
148,14,4,69,4.2,1.6,5
148,14,5,70,3.8,1.6,5
149,1,1,1,NA,NA,NA
149,1,2,2,NA,NA,NA
149,1,3,3,3.2,1.6,3
149,1,4,4,3.2,2.4,5
149,1,5,5,3.6,2,3
149,2,1,6,3.6,2.4,3
149,2,2,7,3.2,2.6,3
149,2,3,8,2.8,2.2,3
149,2,4,9,3.2,2,5
149,2,5,10,3.2,2.2,3
149,3,1,11,NA,NA,NA
149,3,2,12,NA,NA,NA
149,3,3,13,NA,NA,NA
149,3,4,14,NA,NA,NA
149,3,5,15,3.4,1.8,4
149,4,1,16,3.8,2.2,5
149,4,2,17,3.4,1.6,5
149,4,3,18,3.2,2.8,5
149,4,4,19,3.2,2,5
149,4,5,20,3.8,1.6,5
149,5,1,21,3,2.2,4
149,5,2,22,3.2,2.6,3
149,5,3,23,3.4,1.4,4
149,5,4,24,3.2,2.6,3
149,5,5,25,3.2,2.2,3
149,6,1,26,1.8,3.4,4
149,6,2,27,3.6,2.6,4
149,6,3,28,3,2.2,4
149,6,4,29,NA,NA,NA
149,6,5,30,NA,NA,NA
149,7,1,31,3,2.8,3
149,7,2,32,3.6,2.8,4
149,7,3,33,2.6,3,4
149,7,4,34,2.2,3,3
149,7,5,35,2.4,2.6,4
149,8,1,36,3.4,2,4
149,8,2,37,1.8,3.6,4
149,8,3,38,NA,NA,NA
149,8,4,39,NA,NA,NA
149,8,5,40,2.6,3,5
149,9,1,41,3,2.4,3
149,9,2,42,NA,NA,NA
149,9,3,43,NA,NA,NA
149,9,4,44,NA,NA,NA
149,9,5,45,NA,NA,NA
149,10,1,46,2.2,2.2,3
149,10,2,47,2,2.6,4
149,10,3,48,3.4,2.4,3
149,10,4,49,NA,NA,NA
149,10,5,50,NA,NA,NA
149,11,1,51,3.2,2.2,4
149,11,2,52,3.2,2.2,3
149,11,3,53,2.8,2.6,4
149,11,4,54,NA,NA,NA
149,11,5,55,NA,NA,NA
149,12,1,56,2.4,3,4
149,12,2,57,3.2,2.2,4
149,12,3,58,2.6,3,4
149,12,4,59,2.6,3.8,5
149,12,5,60,2.6,2.8,3
149,13,1,61,2.8,2.8,4
149,13,2,62,2.4,2.4,2
149,13,3,63,3,2.8,4
149,13,4,64,2.6,2.4,3
149,13,5,65,3.2,2.6,3
149,14,1,66,2,3.2,3
149,14,2,67,2.8,2.6,3
149,14,3,68,2.4,3,3
149,14,4,69,2.8,3.2,3
149,14,5,70,3,3,3
151,1,1,1,NA,NA,NA
151,1,2,2,2.8,3.4,5
151,1,3,3,3.8,1.6,3
151,1,4,4,3.4,1.4,4
151,1,5,5,4,2,3
151,2,1,6,2.2,3,4
151,2,2,7,1.4,3,3
151,2,3,8,1.8,2.8,5
151,2,4,9,2,3.2,4
151,2,5,10,1.8,3,4
151,3,1,11,2.4,2.4,3
151,3,2,12,2.6,2.6,4
151,3,3,13,2.6,2.4,5
151,3,4,14,2.8,2.4,4
151,3,5,15,3,2.4,2
151,4,1,16,3.2,2.2,5
151,4,2,17,3,2.2,5
151,4,3,18,3,2.2,5
151,4,4,19,3.6,1.6,5
151,4,5,20,3.6,1.4,4
151,5,1,21,3.2,1.2,5
151,5,2,22,3.2,2,5
151,5,3,23,3.8,1.2,5
151,5,4,24,3.8,1.2,5
151,5,5,25,3.4,1.4,2
151,6,1,26,2.8,1.4,5
151,6,2,27,3.4,1.2,5
151,6,3,28,4,1,2
151,6,4,29,NA,NA,NA
151,6,5,30,NA,NA,NA
151,7,1,31,2.2,1.8,5
151,7,2,32,NA,NA,NA
151,7,3,33,NA,NA,NA
151,7,4,34,3.4,1.4,5
151,7,5,35,3.6,1,2
151,8,1,36,3.2,1.4,5
151,8,2,37,2.6,1.4,3
151,8,3,38,NA,NA,NA
151,8,4,39,NA,NA,NA
151,8,5,40,3,1.4,5
151,9,1,41,3,1.4,5
151,9,2,42,3.2,1.6,4
151,9,3,43,3.4,1.6,5
151,9,4,44,3.4,1.4,5
151,9,5,45,3.2,1,5
151,10,1,46,3.2,1.2,5
151,10,2,47,3,1.6,5
151,10,3,48,3.8,1,5
151,10,4,49,2.8,1.4,4
151,10,5,50,3,1.2,3
151,11,1,51,3.4,1,5
151,11,2,52,3.2,1.2,3
151,11,3,53,NA,NA,NA
151,11,4,54,NA,NA,NA
151,11,5,55,3.4,1.6,5
151,12,1,56,2.4,1.6,5
151,12,2,57,2.4,1.8,4
151,12,3,58,2.6,2.4,5
151,12,4,59,3,1.4,4
151,12,5,60,NA,NA,NA
151,13,1,61,NA,NA,NA
151,13,2,62,2.8,1.6,5
151,13,3,63,3.4,1.2,4
151,13,4,64,3.4,1.4,5
151,13,5,65,3.6,1.2,4
151,14,1,66,2.8,1.6,5
151,14,2,67,NA,NA,NA
151,14,3,68,NA,NA,NA
151,14,4,69,3.8,1.8,5
151,14,5,70,4.2,1,3
152,1,1,1,NA,NA,NA
152,1,2,2,NA,NA,NA
152,1,3,3,NA,NA,NA
152,1,4,4,3.2,2,4
152,1,5,5,2.8,3.2,1
152,2,1,6,3.2,1.4,3
152,2,2,7,3.2,1.2,2
152,2,3,8,3.4,1.2,3
152,2,4,9,3.4,1.2,3
152,2,5,10,3.6,2,3
152,3,1,11,3.4,1.4,3
152,3,2,12,3.6,1.2,1
152,3,3,13,NA,NA,NA
152,3,4,14,NA,NA,NA
152,3,5,15,3,2.6,2
152,4,1,16,2.6,3.6,1
152,4,2,17,3.6,1.4,4
152,4,3,18,3,1.4,3
152,4,4,19,3.2,1.2,3
152,4,5,20,3,2.4,2
152,5,1,21,3.6,1.2,3
152,5,2,22,3.4,1.2,3
152,5,3,23,3.4,1.6,4
152,5,4,24,3.6,2.2,3
152,5,5,25,3.4,1.8,3
152,6,1,26,3.4,1.6,3
152,6,2,27,2.4,2.2,2
152,6,3,28,NA,NA,NA
152,6,4,29,NA,NA,NA
152,6,5,30,2.6,2.6,2
152,7,1,31,3.4,1.4,4
152,7,2,32,4,1.8,3
152,7,3,33,4.2,1.4,3
152,7,4,34,3.6,2,3
152,7,5,35,3.4,1.6,3
152,8,1,36,3.8,1.2,3
152,8,2,37,3.4,1.8,3
152,8,3,38,3.2,1.2,3
152,8,4,39,2.8,1.2,3
152,8,5,40,3.4,1.2,3
152,9,1,41,NA,NA,NA
152,9,2,42,NA,NA,NA
152,9,3,43,NA,NA,NA
152,9,4,44,3.8,1.2,5
152,9,5,45,3.2,1.2,3
152,10,1,46,2,3.6,3
152,10,2,47,2.8,1.8,2
152,10,3,48,2.4,3.2,2
152,10,4,49,3.4,1.8,3
152,10,5,50,2.2,2.6,5
152,11,1,51,3,1,3
152,11,2,52,3,1.8,3
152,11,3,53,3.4,1.2,4
152,11,4,54,3.2,1.4,4
152,11,5,55,3.4,1.2,4
152,12,1,56,3,1.2,3
152,12,2,57,3.2,1.8,2
152,12,3,58,2.6,2,3
152,12,4,59,NA,NA,NA
152,12,5,60,NA,NA,NA
152,13,1,61,2.8,2,3
152,13,2,62,2,3.2,2
152,13,3,63,NA,NA,NA
152,13,4,64,NA,NA,NA
152,13,5,65,2.8,2.4,2
152,14,1,66,2.6,1,3
152,14,2,67,NA,NA,NA
152,14,3,68,NA,NA,NA
152,14,4,69,NA,NA,NA
152,14,5,70,NA,NA,NA
153,1,1,1,NA,NA,NA
153,1,2,2,NA,NA,NA
153,1,3,3,NA,NA,NA
153,1,4,4,3.6,1,4
153,1,5,5,3.8,1.6,5
153,2,1,6,3.8,1,4
153,2,2,7,2.8,2,3
153,2,3,8,1.8,3.8,3
153,2,4,9,NA,NA,NA
153,2,5,10,NA,NA,NA
153,3,1,11,NA,NA,NA
153,3,2,12,NA,NA,NA
153,3,3,13,NA,NA,NA
153,3,4,14,NA,NA,NA
153,3,5,15,NA,NA,NA
153,4,1,16,3.6,1.2,4
153,4,2,17,3.8,1.2,4
153,4,3,18,4.8,1,5
153,4,4,19,NA,NA,NA
153,4,5,20,NA,NA,NA
153,5,1,21,3.4,1.2,4
153,5,2,22,NA,NA,NA
153,5,3,23,NA,NA,NA
153,5,4,24,3.6,1,4
153,5,5,25,2,3.8,2
153,6,1,26,3,1.8,2
153,6,2,27,2.8,1.8,3
153,6,3,28,2,3.4,3
153,6,4,29,3.2,1.6,3
153,6,5,30,3.2,1,4
153,7,1,31,3.8,1,4
153,7,2,32,3.6,1,4
153,7,3,33,3,2,3
153,7,4,34,3.6,1.2,4
153,7,5,35,4,1.2,4
153,8,1,36,4,1,4
153,8,2,37,4,1,4
153,8,3,38,3.2,1.2,3
153,8,4,39,3.4,1.4,3
153,8,5,40,2.8,2,3
153,9,1,41,3,1.6,3
153,9,2,42,3.6,1,4
153,9,3,43,4,1,4
153,9,4,44,4,1,4
153,9,5,45,4,1,4
153,10,1,46,NA,NA,NA
153,10,2,47,NA,NA,NA
153,10,3,48,4,1,4
153,10,4,49,4,1,4
153,10,5,50,4,1,4
153,11,1,51,4,1,4
153,11,2,52,3.2,1.2,4
153,11,3,53,4,1,4
153,11,4,54,4,1,4
153,11,5,55,3.8,1,4
153,12,1,56,2.6,1.4,3
153,12,2,57,2.8,2.2,3
153,12,3,58,2.8,1.2,4
153,12,4,59,3.6,1,4
153,12,5,60,3,2,3
153,13,1,61,3.8,1,4
153,13,2,62,3.2,1,3
153,13,3,63,5,1,5
153,13,4,64,4.6,1,5
153,13,5,65,4.6,1,4
153,14,1,66,4,1,5
153,14,2,67,4,1,4
153,14,3,68,4,1,4
153,14,4,69,4,1,4
153,14,5,70,4,1,4
154,1,1,1,NA,NA,NA
154,1,2,2,2.4,1.8,3
154,1,3,3,2.4,1.6,3
154,1,4,4,2.4,1.6,3
154,1,5,5,2.8,1.2,2
154,2,1,6,1.6,2.4,2
154,2,2,7,NA,NA,NA
154,2,3,8,NA,NA,NA
154,2,4,9,1.6,3,2
154,2,5,10,2,2.6,1
154,3,1,11,NA,NA,NA
154,3,2,12,NA,NA,NA
154,3,3,13,2.6,2.4,3
154,3,4,14,2.4,2.8,3
154,3,5,15,2.8,2,3
154,4,1,16,2.4,2.2,3
154,4,2,17,3,1.8,3
154,4,3,18,3,1.4,3
154,4,4,19,2.2,1.6,2
154,4,5,20,NA,NA,NA
154,5,1,21,NA,NA,NA
154,5,2,22,3.2,1.2,3
154,5,3,23,3.2,1.6,4
154,5,4,24,2.4,1.6,4
154,5,5,25,3,1.4,2
154,6,1,26,NA,NA,NA
154,6,2,27,NA,NA,NA
154,6,3,28,2.4,2,3
154,6,4,29,3.2,1,3
154,6,5,30,3.4,1,4
154,7,1,31,3.4,1.4,4
154,7,2,32,3.6,1,4
154,7,3,33,2.4,1.8,3
154,7,4,34,2.2,2.8,3
154,7,5,35,2.2,2,3
154,8,1,36,2,2.8,3
154,8,2,37,3,1.6,4
154,8,3,38,2,2.2,2
154,8,4,39,2,2.6,3
154,8,5,40,3,1.2,2
154,9,1,41,3.8,1,3
154,9,2,42,3.8,1.2,2
154,9,3,43,1.8,3.4,1
154,9,4,44,1.8,3.2,2
154,9,5,45,3.2,2,4
154,10,1,46,1.8,2.6,2
154,10,2,47,3.6,1.2,3
154,10,3,48,NA,NA,NA
154,10,4,49,NA,NA,NA
154,10,5,50,1.6,3,2
154,11,1,51,2.8,1.8,3
154,11,2,52,2.2,2.4,2
154,11,3,53,NA,NA,NA
154,11,4,54,NA,NA,NA
154,11,5,55,2.4,2,4
154,12,1,56,3,1.4,1
154,12,2,57,1.8,3,2
154,12,3,58,1.8,2.6,2
154,12,4,59,1.8,2.4,2
154,12,5,60,1,3,1
154,13,1,61,3.4,1,2
154,13,2,62,1.8,2,3
154,13,3,63,1.6,3.2,2
154,13,4,64,2,2.4,1
154,13,5,65,1.6,2.6,2
154,14,1,66,NA,NA,NA
154,14,2,67,NA,NA,NA
154,14,3,68,2.2,2,3
154,14,4,69,2.6,1.8,2
154,14,5,70,2.6,2.2,3
156,1,1,1,NA,NA,NA
156,1,2,2,3.8,1.2,1
156,1,3,3,3.8,1.8,3
156,1,4,4,3.6,1.6,2
156,1,5,5,3,1.4,2
156,2,1,6,3,1.2,3
156,2,2,7,3.6,1.2,1
156,2,3,8,3.4,1.2,4
156,2,4,9,4,1.2,5
156,2,5,10,3.2,1.2,4
156,3,1,11,2.8,1,2
156,3,2,12,2.8,1.4,1
156,3,3,13,3.4,1,2
156,3,4,14,3.2,1,2
156,3,5,15,2.8,1,2
156,4,1,16,2.8,1,2
156,4,2,17,3,1,1
156,4,3,18,NA,NA,NA
156,4,4,19,NA,NA,NA
156,4,5,20,NA,NA,NA
156,5,1,21,3.6,1,4
156,5,2,22,3.2,1,2
156,5,3,23,4,1,2
156,5,4,24,4,1,3
156,5,5,25,4,1,4
156,6,1,26,3.8,1,3
156,6,2,27,3.2,1,2
156,6,3,28,3.4,1,3
156,6,4,29,3.6,1,2
156,6,5,30,3.6,1,2
156,7,1,31,3.4,1,2
156,7,2,32,3.4,1,1
156,7,3,33,3.8,1,2
156,7,4,34,NA,NA,NA
156,7,5,35,NA,NA,NA
156,8,1,36,3.4,1,4
156,8,2,37,3.6,1,1
156,8,3,38,3.6,1,2
156,8,4,39,3.6,1,2
156,8,5,40,4,1,3
156,9,1,41,3.8,1,3
156,9,2,42,NA,NA,NA
156,9,3,43,NA,NA,NA
156,9,4,44,3.8,1,4
156,9,5,45,3.6,1,3
156,10,1,46,3.4,1,3
156,10,2,47,3.2,1,2
156,10,3,48,3.8,1,3
156,10,4,49,3.8,1,2
156,10,5,50,4,1,3
156,11,1,51,3,1.6,3
156,11,2,52,4,1,2
156,11,3,53,4,1,4
156,11,4,54,4,1,3
156,11,5,55,4,1,2
156,12,1,56,4,1,3
156,12,2,57,3.8,1,2
156,12,3,58,4,1,3
156,12,4,59,4,1,4
156,12,5,60,4,1,4
156,13,1,61,3.8,1,3
156,13,2,62,4,1,2
156,13,3,63,4,1,2
156,13,4,64,4,1,3
156,13,5,65,4,1,3
156,14,1,66,4,1,3
156,14,2,67,3.4,1,2
156,14,3,68,4,1,3
156,14,4,69,4,1,4
156,14,5,70,4,1,4
157,1,1,1,NA,NA,NA
157,1,2,2,3.4,1.4,4
157,1,3,3,3.8,1,4
157,1,4,4,3.6,1,3
157,1,5,5,2.4,2.6,3
157,2,1,6,3,2,4
157,2,2,7,2.2,3.2,2
157,2,3,8,2.8,1.8,3
157,2,4,9,3.6,1.6,3
157,2,5,10,3.2,1,3
157,3,1,11,3.4,1.2,3
157,3,2,12,3.6,1,3
157,3,3,13,3.4,1,3
157,3,4,14,3.4,1,3
157,3,5,15,3.8,1,3
157,4,1,16,NA,NA,NA
157,4,2,17,NA,NA,NA
157,4,3,18,3.8,1,4
157,4,4,19,3.8,1,4
157,4,5,20,3.8,1,4
157,5,1,21,3,1.2,4
157,5,2,22,2.6,1.4,3
157,5,3,23,3,1.2,4
157,5,4,24,3.2,1,4
157,5,5,25,3.2,1,4
157,6,1,26,3,1,3
157,6,2,27,2.4,1,3
157,6,3,28,NA,NA,NA
157,6,4,29,NA,NA,NA
157,6,5,30,NA,NA,NA
157,7,1,31,NA,NA,NA
157,7,2,32,NA,NA,NA
157,7,3,33,NA,NA,NA
157,7,4,34,NA,NA,NA
157,7,5,35,NA,NA,NA
157,8,1,36,NA,NA,NA
157,8,2,37,3.2,1,4
157,8,3,38,3.2,1,4
157,8,4,39,3.2,1,4
157,8,5,40,2.8,1.2,3
157,9,1,41,3.2,1,3
157,9,2,42,2.6,1.2,3
157,9,3,43,2,1.6,2
157,9,4,44,2.6,1.2,3
157,9,5,45,NA,NA,NA
157,10,1,46,NA,NA,NA
157,10,2,47,2.4,1.4,3
157,10,3,48,2.4,2,2
157,10,4,49,2.6,1.6,3
157,10,5,50,2.8,1.4,3
157,11,1,51,NA,NA,NA
157,11,2,52,NA,NA,NA
157,11,3,53,NA,NA,NA
157,11,4,54,NA,NA,NA
157,11,5,55,NA,NA,NA
157,12,1,56,NA,NA,NA
157,12,2,57,3,1,2
157,12,3,58,3.8,1,4
157,12,4,59,3.8,1,4
157,12,5,60,NA,NA,NA
157,13,1,61,NA,NA,NA
157,13,2,62,2.8,1.2,2
157,13,3,63,2.2,2.2,2
157,13,4,64,NA,NA,NA
157,13,5,65,NA,NA,NA
157,14,1,66,NA,NA,NA
157,14,2,67,NA,NA,NA
157,14,3,68,NA,NA,NA
157,14,4,69,NA,NA,NA
157,14,5,70,3.8,1,4
159,1,1,1,NA,NA,NA
159,1,2,2,NA,NA,NA
159,1,3,3,NA,NA,NA
159,1,4,4,NA,NA,NA
159,1,5,5,3.2,2.2,4
159,2,1,6,3.6,1.8,5
159,2,2,7,3.4,1.8,5
159,2,3,8,4,1.8,5
159,2,4,9,2.4,2.4,4
159,2,5,10,3,3.4,4
159,3,1,11,4,1.2,5
159,3,2,12,3.4,2,5
159,3,3,13,3.8,1.6,4
159,3,4,14,2.2,2.8,4
159,3,5,15,2.6,3,4
159,4,1,16,2,3.8,3
159,4,2,17,2.2,3.8,2
159,4,3,18,NA,NA,NA
159,4,4,19,NA,NA,NA
159,4,5,20,2,3.8,3
159,5,1,21,2.2,3.8,2
159,5,2,22,4,2,5
159,5,3,23,3.8,1.8,4
159,5,4,24,3,1.8,4
159,5,5,25,2.2,2.8,4
159,6,1,26,4,1.6,4
159,6,2,27,4,1.4,4
159,6,3,28,4,1.6,4
159,6,4,29,3.6,1.4,4
159,6,5,30,3,2.8,3
159,7,1,31,2,2.8,3
159,7,2,32,4,2,4
159,7,3,33,2.4,3.6,3
159,7,4,34,3,3.2,4
159,7,5,35,NA,NA,NA
159,8,1,36,NA,NA,NA
159,8,2,37,2.2,3.8,3
159,8,3,38,2.2,3.4,3
159,8,4,39,1.8,3.6,4
159,8,5,40,1.8,3.6,3
159,9,1,41,2.8,3.2,4
159,9,2,42,3.2,2.2,4
159,9,3,43,3.8,1.4,5
159,9,4,44,3.6,1.8,4
159,9,5,45,2.8,2.8,4
159,10,1,46,3,1.6,3
159,10,2,47,4,1,3
159,10,3,48,2.6,3.2,4
159,10,4,49,2.6,2.4,3
159,10,5,50,2.2,3.4,4
159,11,1,51,1.8,3.6,4
159,11,2,52,2,3,3
159,11,3,53,2,3.2,4
159,11,4,54,2.4,3,4
159,11,5,55,2.4,3,3
159,12,1,56,2.2,3.6,4
159,12,2,57,2,3.2,2
159,12,3,58,2.2,3.6,4
159,12,4,59,2.4,3.4,2
159,12,5,60,2,3.4,3
159,13,1,61,2.2,3,4
159,13,2,62,2.2,2.8,3
159,13,3,63,2.4,3,4
159,13,4,64,3.4,1.6,3
159,13,5,65,2.8,2.8,4
159,14,1,66,1.6,3,2
159,14,2,67,2,3,3
159,14,3,68,2.2,3.2,3
159,14,4,69,2.2,3,2
159,14,5,70,2.4,3.6,3
160,1,1,1,NA,NA,NA
160,1,2,2,NA,NA,NA
160,1,3,3,NA,NA,NA
160,1,4,4,3,1,3
160,1,5,5,3,1,4
160,2,1,6,3.2,1,5
160,2,2,7,3,1.2,1
160,2,3,8,2.2,1,2
160,2,4,9,3,1,4
160,2,5,10,3.4,1,3
160,3,1,11,3,1,5
160,3,2,12,NA,NA,NA
160,3,3,13,NA,NA,NA
160,3,4,14,4,1,4
160,3,5,15,3.8,1,5
160,4,1,16,3.2,1,5
160,4,2,17,3.2,1,3
160,4,3,18,NA,NA,NA
160,4,4,19,NA,NA,NA
160,4,5,20,3.2,1,5
160,5,1,21,3,1,5
160,5,2,22,3.2,1,4
160,5,3,23,NA,NA,NA
160,5,4,24,NA,NA,NA
160,5,5,25,3.6,1,5
160,6,1,26,3.6,1,5
160,6,2,27,3,1,1
160,6,3,28,NA,NA,NA
160,6,4,29,NA,NA,NA
160,6,5,30,NA,NA,NA
160,7,1,31,NA,NA,NA
160,7,2,32,NA,NA,NA
160,7,3,33,2,1,3
160,7,4,34,4,1,5
160,7,5,35,3,1,5
160,8,1,36,2.8,1,4
160,8,2,37,NA,NA,NA
160,8,3,38,NA,NA,NA
160,8,4,39,3,1,5
160,8,5,40,2.6,1,1
160,9,1,41,NA,NA,NA
160,9,2,42,NA,NA,NA
160,9,3,43,NA,NA,NA
160,9,4,44,3,1,1
160,9,5,45,NA,NA,NA
160,10,1,46,NA,NA,NA
160,10,2,47,3.2,1,4
160,10,3,48,4,1,4
160,10,4,49,3.8,1,5
160,10,5,50,3,1,4
160,11,1,51,3,1,4
160,11,2,52,NA,NA,NA
160,11,3,53,NA,NA,NA
160,11,4,54,NA,NA,NA
160,11,5,55,NA,NA,NA
160,12,1,56,NA,NA,NA
160,12,2,57,NA,NA,NA
160,12,3,58,3,1,4
160,12,4,59,3,1,1
160,12,5,60,NA,NA,NA
160,13,1,61,NA,NA,NA
160,13,2,62,NA,NA,NA
160,13,3,63,NA,NA,NA
160,13,4,64,4,1,5
160,13,5,65,4,1,5
160,14,1,66,3,1,5
160,14,2,67,2.6,1,1
160,14,3,68,3,1,4
160,14,4,69,4,1,5
160,14,5,70,3,1,5
161,1,1,1,NA,NA,NA
161,1,2,2,5,1,3
161,1,3,3,4,1,4
161,1,4,4,4.4,1,5
161,1,5,5,5,1,4
161,2,1,6,4.4,1,5
161,2,2,7,4,1,4
161,2,3,8,4.4,1,5
161,2,4,9,5,1,4
161,2,5,10,5,1,3
161,3,1,11,4,1,4
161,3,2,12,4.4,1,5
161,3,3,13,4.4,1,5
161,3,4,14,4,1,4
161,3,5,15,4.4,1,5
161,4,1,16,4.4,1,5
161,4,2,17,4,1,4
161,4,3,18,3.8,1,5
161,4,4,19,4,1,3
161,4,5,20,4,1,3
161,5,1,21,3.8,1,5
161,5,2,22,3.4,1.2,4
161,5,3,23,3.8,1,5
161,5,4,24,4,1,3
161,5,5,25,4.2,1,5
161,6,1,26,5,1,4
161,6,2,27,5,1,3
161,6,3,28,5,1,3
161,6,4,29,4.2,1,5
161,6,5,30,4,1,3
161,7,1,31,4,1,4
161,7,2,32,4,1,3
161,7,3,33,5,1,3
161,7,4,34,4,1,3
161,7,5,35,4,1,3
161,8,1,36,3.8,1,4
161,8,2,37,5,1,4
161,8,3,38,5,1,3
161,8,4,39,3.8,1,4
161,8,5,40,4,1,3
161,9,1,41,3.8,1,4
161,9,2,42,3.8,1,4
161,9,3,43,5,1,4
161,9,4,44,4,1,3
161,9,5,45,5,1,3
161,10,1,46,5,1,4
161,10,2,47,3.8,1,4
161,10,3,48,3.8,1,5
161,10,4,49,5,1,4
161,10,5,50,3.8,1,4
161,11,1,51,5,1,3
161,11,2,52,5,1,5
161,11,3,53,3.8,1,4
161,11,4,54,3.6,1,2
161,11,5,55,3.8,1,4
161,12,1,56,5,1,5
161,12,2,57,5,1,5
161,12,3,58,3.8,1,4
161,12,4,59,3.8,1,5
161,12,5,60,5,1,5
161,13,1,61,5,1,4
161,13,2,62,3.8,1,5
161,13,3,63,NA,NA,NA
161,13,4,64,NA,NA,NA
161,13,5,65,5,1,4
161,14,1,66,3.8,1,5
161,14,2,67,NA,NA,NA
161,14,3,68,NA,NA,NA
161,14,4,69,5,1,3
161,14,5,70,5,1,4
162,1,1,1,NA,NA,NA
162,1,2,2,3.6,1,4
162,1,3,3,3.6,1.4,3
162,1,4,4,3.4,1.4,4
162,1,5,5,3.6,1.2,4
162,2,1,6,3.4,1.4,3
162,2,2,7,3.2,1.8,3
162,2,3,8,3.8,1.2,3
162,2,4,9,3.6,1.2,4
162,2,5,10,3.4,1.2,4
162,3,1,11,3,1.4,3
162,3,2,12,3.6,1.4,4
162,3,3,13,3.6,1.2,3
162,3,4,14,3.2,1.4,3
162,3,5,15,3.4,1,3
162,4,1,16,3,1.4,3
162,4,2,17,2.6,2.2,3
162,4,3,18,3.4,1.8,3
162,4,4,19,3.4,1.4,4
162,4,5,20,3.4,1.6,3
162,5,1,21,3.6,1.4,3
162,5,2,22,3.2,1.2,3
162,5,3,23,3.6,1.2,4
162,5,4,24,3.2,1.2,3
162,5,5,25,3.2,1.2,3
162,6,1,26,3.2,1.4,3
162,6,2,27,3,1.8,3
162,6,3,28,3.2,1.4,3
162,6,4,29,4,1,4
162,6,5,30,3.2,1.6,3
162,7,1,31,3.4,1.2,3
162,7,2,32,3.4,1.2,3
162,7,3,33,3.4,1.2,3
162,7,4,34,3.2,1.4,4
162,7,5,35,3,1.4,3
162,8,1,36,2.6,1.8,4
162,8,2,37,3.2,1.6,3
162,8,3,38,4.4,1,4
162,8,4,39,3.6,1.6,4
162,8,5,40,3.6,1.6,3
162,9,1,41,3.2,1.4,3
162,9,2,42,3.8,1.2,4
162,9,3,43,4,1.2,3
162,9,4,44,3.6,1.6,3
162,9,5,45,3.2,1.6,3
162,10,1,46,3.4,1.2,4
162,10,2,47,3.2,2,3
162,10,3,48,3.4,2.4,3
162,10,4,49,3.4,1.2,4
162,10,5,50,3.4,1.2,4
162,11,1,51,3.2,1.2,3
162,11,2,52,4,1.2,4
162,11,3,53,2.6,3.6,3
162,11,4,54,3,3,3
162,11,5,55,3.2,1.4,3
162,12,1,56,3.6,1.4,3
162,12,2,57,3.4,1.2,3
162,12,3,58,4,1.2,4
162,12,4,59,3.6,1.4,4
162,12,5,60,3.2,1.4,4
162,13,1,61,3.6,1.4,4
162,13,2,62,3.8,1.4,3
162,13,3,63,3.8,1.2,4
162,13,4,64,3.6,1.2,3
162,13,5,65,3.2,1.2,3
162,14,1,66,3.2,1.4,3
162,14,2,67,NA,NA,NA
162,14,3,68,NA,NA,NA
162,14,4,69,NA,NA,NA
162,14,5,70,3.2,1.2,3
163,1,1,1,NA,NA,NA
163,1,2,2,2.2,2.6,3
163,1,3,3,2.6,2.4,4
163,1,4,4,2.8,3,2
163,1,5,5,2.8,3,3
163,2,1,6,2.6,3,4
163,2,2,7,2.8,3.2,2
163,2,3,8,1.4,5,5
163,2,4,9,2,4.2,5
163,2,5,10,1.8,4.2,5
163,3,1,11,2.2,3.8,3
163,3,2,12,2.8,4.4,4
163,3,3,13,3,4,5
163,3,4,14,2.8,4.2,5
163,3,5,15,2.8,4.4,5
163,4,1,16,2.6,3.8,5
163,4,2,17,2.8,3.2,5
163,4,3,18,3.2,3.2,5
163,4,4,19,3.2,3.4,5
163,4,5,20,3.6,3.8,5
163,5,1,21,3,3.6,5
163,5,2,22,3.8,3.8,5
163,5,3,23,3.2,2.4,5
163,5,4,24,2.6,2.4,5
163,5,5,25,2.8,4.6,5
163,6,1,26,2.4,4.8,5
163,6,2,27,1,4.6,3
163,6,3,28,1.2,4.8,1
163,6,4,29,1,4.8,1
163,6,5,30,2,4.8,3
163,7,1,31,1.6,4.6,5
163,7,2,32,1.4,4.4,5
163,7,3,33,1.8,5,2
163,7,4,34,1.8,4.2,3
163,7,5,35,1.4,4.2,4
163,8,1,36,1,4.2,5
163,8,2,37,2.2,4.6,2
163,8,3,38,1.6,4.2,1
163,8,4,39,1,4.4,1
163,8,5,40,1,4.4,1
163,9,1,41,1,5,2
163,9,2,42,1,4.6,5
163,9,3,43,1,4.4,2
163,9,4,44,1,4.8,1
163,9,5,45,2.8,3,2
163,10,1,46,2.6,3.2,1
163,10,2,47,1,4.2,2
163,10,3,48,1.2,4.2,1
163,10,4,49,1.8,4.2,3
163,10,5,50,1,4.2,3
163,11,1,51,NA,NA,NA
163,11,2,52,NA,NA,NA
163,11,3,53,1,4.4,4
163,11,4,54,1,4,4
163,11,5,55,1.2,4,2
163,12,1,56,2,3,4
163,12,2,57,2.2,3.4,4
163,12,3,58,1.8,3.8,1
163,12,4,59,3.4,3.2,3
163,12,5,60,2.2,4,1
163,13,1,61,2.2,4.6,3
163,13,2,62,NA,NA,NA
163,13,3,63,NA,NA,NA
163,13,4,64,3.4,2.8,2
163,13,5,65,1,4.4,1
163,14,1,66,1,4.4,3
163,14,2,67,2.4,3.4,2
163,14,3,68,2.8,2.8,2
163,14,4,69,3.4,2.8,3
163,14,5,70,3,2.2,3
165,1,1,1,NA,NA,NA
165,1,2,2,4.2,1.2,4
165,1,3,3,4,1.6,4
165,1,4,4,4,1.2,4
165,1,5,5,4.4,1,4
165,2,1,6,4.6,1.2,5
165,2,2,7,4.4,1,5
165,2,3,8,5,1,5
165,2,4,9,4.4,1.2,4
165,2,5,10,4.6,1,3
165,3,1,11,4.6,1,5
165,3,2,12,4.2,1.6,4
165,3,3,13,4.6,1,5
165,3,4,14,4.4,1.6,4
165,3,5,15,4.2,1.2,4
165,4,1,16,4.4,1.2,5
165,4,2,17,4.8,1.2,5
165,4,3,18,4.4,1.2,4
165,4,4,19,4.8,1.2,5
165,4,5,20,4.4,1.2,5
165,5,1,21,4.4,1.2,4
165,5,2,22,4,1.4,4
165,5,3,23,4.2,1.2,4
165,5,4,24,NA,NA,NA
165,5,5,25,NA,NA,NA
165,6,1,26,4.8,1,5
165,6,2,27,4.4,1,5
165,6,3,28,4.6,1,4
165,6,4,29,4.2,1,4
165,6,5,30,4.6,1,5
165,7,1,31,4.4,1,5
165,7,2,32,4.4,1,5
165,7,3,33,4.2,1.4,4
165,7,4,34,4,1.4,4
165,7,5,35,4.4,1,5
165,8,1,36,4.4,1,5
165,8,2,37,4.2,1,4
165,8,3,38,4,1.6,5
165,8,4,39,4.2,1.2,5
165,8,5,40,4.2,1,5
165,9,1,41,4,1,5
165,9,2,42,4,1,4
165,9,3,43,NA,NA,NA
165,9,4,44,NA,NA,NA
165,9,5,45,4.2,1,5
165,10,1,46,3.8,1,4
165,10,2,47,4,1.4,5
165,10,3,48,4.2,1.2,5
165,10,4,49,NA,NA,NA
165,10,5,50,NA,NA,NA
165,11,1,51,4,1,5
165,11,2,52,4,1,4
165,11,3,53,3.8,1,5
165,11,4,54,4,1,4
165,11,5,55,4,1,5
165,12,1,56,4,1,4
165,12,2,57,3.8,1.2,4
165,12,3,58,4,1.4,4
165,12,4,59,3.8,1.6,4
165,12,5,60,3.8,1.6,5
165,13,1,61,NA,NA,NA
165,13,2,62,NA,NA,NA
165,13,3,63,NA,NA,NA
165,13,4,64,NA,NA,NA
165,13,5,65,3.8,1,4
165,14,1,66,3.8,1.2,4
165,14,2,67,3.8,1,4
165,14,3,68,4,1,5
165,14,4,69,3.8,1,4
165,14,5,70,4,1.6,4
166,1,1,1,NA,NA,NA
166,1,2,2,3.2,1.2,2
166,1,3,3,3,1.4,4
166,1,4,4,3.2,1,4
166,1,5,5,2.8,1.2,4
166,2,1,6,3,1.2,4
166,2,2,7,1.4,2.6,1
166,2,3,8,3.2,2,3
166,2,4,9,3.4,1.4,4
166,2,5,10,NA,NA,NA
166,3,1,11,NA,NA,NA
166,3,2,12,2.8,2,1
166,3,3,13,NA,NA,NA
166,3,4,14,NA,NA,NA
166,3,5,15,3.4,1,4
166,4,1,16,3.4,1,4
166,4,2,17,NA,NA,NA
166,4,3,18,NA,NA,NA
166,4,4,19,3.8,1,4
166,4,5,20,3.6,1,4
166,5,1,21,3,1,4
166,5,2,22,1.8,2.8,2
166,5,3,23,3,1,4
166,5,4,24,1.8,2.8,1
166,5,5,25,NA,NA,NA
166,6,1,26,NA,NA,NA
166,6,2,27,1.8,2.8,4
166,6,3,28,2.4,1.6,2
166,6,4,29,3,1.8,4
166,6,5,30,NA,NA,NA
166,7,1,31,NA,NA,NA
166,7,2,32,3,1.6,3
166,7,3,33,3.4,1,4
166,7,4,34,3.6,1.6,4
166,7,5,35,3.2,1.8,4
166,8,1,36,3.4,1,4
166,8,2,37,NA,NA,NA
166,8,3,38,NA,NA,NA
166,8,4,39,2.8,1,4
166,8,5,40,3.4,1,4
166,9,1,41,3,1.6,4
166,9,2,42,NA,NA,NA
166,9,3,43,NA,NA,NA
166,9,4,44,2.6,2,2
166,9,5,45,3.4,1.2,4
166,10,1,46,1.8,2.6,2
166,10,2,47,NA,NA,NA
166,10,3,48,NA,NA,NA
166,10,4,49,2.2,2.2,4
166,10,5,50,2,3.8,2
166,11,1,51,2,3.2,2
166,11,2,52,NA,NA,NA
166,11,3,53,NA,NA,NA
166,11,4,54,NA,NA,NA
166,11,5,55,NA,NA,NA
166,12,1,56,2.6,2.2,4
166,12,2,57,1.8,3,2
166,12,3,58,1.8,3.2,1
166,12,4,59,NA,NA,NA
166,12,5,60,NA,NA,NA
166,13,1,61,1.8,3.8,1
166,13,2,62,1.8,3.4,1
166,13,3,63,2,3,2
166,13,4,64,2,2.6,3
166,13,5,65,NA,NA,NA
166,14,1,66,NA,NA,NA
166,14,2,67,NA,NA,NA
166,14,3,68,NA,NA,NA
166,14,4,69,NA,NA,NA
166,14,5,70,2.8,2.4,4
169,1,1,1,NA,NA,NA
169,1,2,2,NA,NA,NA
169,1,3,3,NA,NA,NA
169,1,4,4,4.8,1,4
169,1,5,5,3.2,1.2,4
169,2,1,6,3.4,1.6,3
169,2,2,7,4.8,1.2,5
169,2,3,8,NA,NA,NA
169,2,4,9,NA,NA,NA
169,2,5,10,3,1.2,4
169,3,1,11,2.8,1,4
169,3,2,12,3.8,1,4
169,3,3,13,4,1,4
169,3,4,14,3.2,1.4,4
169,3,5,15,NA,NA,NA
169,4,1,16,NA,NA,NA
169,4,2,17,4.4,1,4
169,4,3,18,3.6,1,4
169,4,4,19,3.4,1.6,4
169,4,5,20,3,1.4,3
169,5,1,21,3,1,4
169,5,2,22,4,1,3
169,5,3,23,3.6,1,3
169,5,4,24,3.4,1.4,3
169,5,5,25,3.4,1.2,3
169,6,1,26,NA,NA,NA
169,6,2,27,NA,NA,NA
169,6,3,28,NA,NA,NA
169,6,4,29,NA,NA,NA
169,6,5,30,NA,NA,NA
169,7,1,31,NA,NA,NA
169,7,2,32,3.4,1,3
169,7,3,33,NA,NA,NA
169,7,4,34,NA,NA,NA
169,7,5,35,3.2,1,3
169,8,1,36,3,1,3
169,8,2,37,3.4,1,4
169,8,3,38,3.4,1.4,3
169,8,4,39,3.8,1,3
169,8,5,40,NA,NA,NA
169,9,1,41,NA,NA,NA
169,9,2,42,NA,NA,NA
169,9,3,43,NA,NA,NA
169,9,4,44,NA,NA,NA
169,9,5,45,3.4,1,4
169,10,1,46,2.4,1.2,3
169,10,2,47,3.4,1,3
169,10,3,48,NA,NA,NA
169,10,4,49,NA,NA,NA
169,10,5,50,NA,NA,NA
169,11,1,51,NA,NA,NA
169,11,2,52,3.8,1,3
169,11,3,53,4,1,3
169,11,4,54,3.4,1.4,3
169,11,5,55,NA,NA,NA
169,12,1,56,NA,NA,NA
169,12,2,57,4,1,3
169,12,3,58,3.8,1,3
169,12,4,59,NA,NA,NA
169,12,5,60,NA,NA,NA
169,13,1,61,NA,NA,NA
169,13,2,62,NA,NA,NA
169,13,3,63,NA,NA,NA
169,13,4,64,NA,NA,NA
169,13,5,65,4,1,4
169,14,1,66,4,1,4
169,14,2,67,3.4,1,3
169,14,3,68,4,1,3
169,14,4,69,4,1,4
169,14,5,70,3.4,1,3
170,1,1,1,NA,NA,NA
170,1,2,2,3,1.2,5
170,1,3,3,NA,NA,NA
170,1,4,4,NA,NA,NA
170,1,5,5,3.8,1,5
170,2,1,6,1.4,1.2,3
170,2,2,7,2.2,1.2,3
170,2,3,8,2.8,1.6,4
170,2,4,9,3,1,3
170,2,5,10,1.8,2.2,3
170,3,1,11,1.2,2,5
170,3,2,12,NA,NA,NA
170,3,3,13,NA,NA,NA
170,3,4,14,2.8,1.4,5
170,3,5,15,4,1.2,5
170,4,1,16,2.6,1.4,5
170,4,2,17,3,1,5
170,4,3,18,2.6,1.4,5
170,4,4,19,2.8,1.8,5
170,4,5,20,3,1,5
170,5,1,21,2.6,1,5
170,5,2,22,NA,NA,NA
170,5,3,23,NA,NA,NA
170,5,4,24,3.6,1,5
170,5,5,25,3.8,1,5
170,6,1,26,3,1.6,3
170,6,2,27,2.2,1.6,5
170,6,3,28,1.4,2.6,1
170,6,4,29,1.4,2,5
170,6,5,30,2.6,1.4,5
170,7,1,31,2,1,5
170,7,2,32,2.4,1.6,4
170,7,3,33,3.4,1,5
170,7,4,34,2,2,3
170,7,5,35,2.2,2.2,5
170,8,1,36,1.2,3,1
170,8,2,37,1.8,2.2,2
170,8,3,38,1.8,2,4
170,8,4,39,1.4,3.4,1
170,8,5,40,2.8,1,4
170,9,1,41,3.2,1,5
170,9,2,42,3.8,1,5
170,9,3,43,3.2,1,4
170,9,4,44,2.6,1.6,4
170,9,5,45,2.4,2.4,5
170,10,1,46,1.8,2.6,4
170,10,2,47,3,1,5
170,10,3,48,NA,NA,NA
170,10,4,49,NA,NA,NA
170,10,5,50,NA,NA,NA
170,11,1,51,3,1.2,5
170,11,2,52,3.4,1,5
170,11,3,53,1.8,2,5
170,11,4,54,1.4,1.2,3
170,11,5,55,2.8,1,4
170,12,1,56,2.6,1,5
170,12,2,57,3,1.2,5
170,12,3,58,3,1.2,5
170,12,4,59,3,1.2,5
170,12,5,60,2,2,3
170,13,1,61,3.2,1,4
170,13,2,62,2.4,2,4
170,13,3,63,3.6,1,4
170,13,4,64,3,1.2,5
170,13,5,65,4,1.2,5
170,14,1,66,3,1.2,4
170,14,2,67,3,1.2,5
170,14,3,68,2.8,2.4,2
170,14,4,69,3.4,1,5
170,14,5,70,3,1.2,5
171,1,1,1,NA,NA,NA
171,1,2,2,NA,NA,NA
171,1,3,3,NA,NA,NA
171,1,4,4,NA,NA,NA
171,1,5,5,2.6,2,3
171,2,1,6,2.2,2.6,3
171,2,2,7,2.4,2,3
171,2,3,8,3,1.8,3
171,2,4,9,2,2,3
171,2,5,10,2.2,2,4
171,3,1,11,1.8,2,2
171,3,2,12,2.8,2.4,3
171,3,3,13,2.6,1.6,3
171,3,4,14,2.2,2.8,3
171,3,5,15,2.6,2.4,3
171,4,1,16,2.2,3.2,3
171,4,2,17,2.6,2,3
171,4,3,18,1.8,2,3
171,4,4,19,1.8,3.4,2
171,4,5,20,2.2,3.2,3
171,5,1,21,2.2,3.2,3
171,5,2,22,2.2,2.6,2
171,5,3,23,2.2,2.8,2
171,5,4,24,3.4,1.8,4
171,5,5,25,2.8,1.6,4
171,6,1,26,3.2,1.6,4
171,6,2,27,2.6,2,3
171,6,3,28,2.4,2,2
171,6,4,29,2.2,2,3
171,6,5,30,3,2.2,3
171,7,1,31,2.6,2.2,3
171,7,2,32,2.8,1.4,3
171,7,3,33,3,1.2,4
171,7,4,34,3,1.2,4
171,7,5,35,2.4,2.2,3
171,8,1,36,2.2,2.2,3
171,8,2,37,2.8,2,4
171,8,3,38,3.2,2.4,4
171,8,4,39,3,2.4,3
171,8,5,40,2.8,2.8,4
171,9,1,41,3.2,2.4,4
171,9,2,42,2.6,2.2,3
171,9,3,43,2.8,2.2,3
171,9,4,44,2.2,3.4,2
171,9,5,45,3.4,2.8,4
171,10,1,46,2.4,2.6,2
171,10,2,47,3,1.8,4
171,10,3,48,3,1.4,4
171,10,4,49,2.8,1.6,3
171,10,5,50,3,1.2,3
171,11,1,51,2.6,1.8,3
171,11,2,52,2.2,3.2,2
171,11,3,53,2.8,1.6,4
171,11,4,54,1.8,3.4,2
171,11,5,55,1.8,3.4,2
171,12,1,56,2,3.6,2
171,12,2,57,1.4,3.2,2
171,12,3,58,1.8,3,3
171,12,4,59,1.8,3.2,2
171,12,5,60,1.8,3.4,2
171,13,1,61,2,2.8,3
171,13,2,62,2.4,3.4,2
171,13,3,63,2.2,2.8,3
171,13,4,64,2.6,2.8,3
171,13,5,65,2.4,3.2,3
171,14,1,66,2,3,3
171,14,2,67,1.8,3.8,2
171,14,3,68,2,3.8,2
171,14,4,69,2.2,3.4,2
171,14,5,70,2.2,3,2
172,1,1,1,NA,NA,NA
172,1,2,2,1.8,3,2
172,1,3,3,2,3,2
172,1,4,4,2.8,1.2,3
172,1,5,5,2.6,1,3
172,2,1,6,2.2,1,3
172,2,2,7,1.4,2.4,2
172,2,3,8,3.6,1,3
172,2,4,9,3.2,1.2,4
172,2,5,10,3.4,1.2,4
172,3,1,11,2.8,1,4
172,3,2,12,2.2,1,3
172,3,3,13,2.6,1,3
172,3,4,14,3.2,1.2,4
172,3,5,15,2.8,1,4
172,4,1,16,2.8,1,4
172,4,2,17,1.6,1.6,2
172,4,3,18,2,2.6,3
172,4,4,19,2.4,1.2,3
172,4,5,20,3,1,4
172,5,1,21,2.2,1.2,4
172,5,2,22,2.2,1,3
172,5,3,23,NA,NA,NA
172,5,4,24,NA,NA,NA
172,5,5,25,2.6,1.2,3
172,6,1,26,2,1,3
172,6,2,27,2.6,1,3
172,6,3,28,NA,NA,NA
172,6,4,29,NA,NA,NA
172,6,5,30,2.6,1,3
172,7,1,31,2,1.2,3
172,7,2,32,NA,NA,NA
172,7,3,33,NA,NA,NA
172,7,4,34,3.6,1,3
172,7,5,35,2.4,1,4
172,8,1,36,2.6,1,4
172,8,2,37,1.6,1.6,2
172,8,3,38,2.4,1.2,3
172,8,4,39,2.8,1,4
172,8,5,40,3,1,4
172,9,1,41,2.4,1,3
172,9,2,42,2.8,1,3
172,9,3,43,2.8,1,4
172,9,4,44,2.6,1,3
172,9,5,45,3,1,4
172,10,1,46,2.8,1,4
172,10,2,47,2.8,1,4
172,10,3,48,3,1,3
172,10,4,49,3.2,1.4,4
172,10,5,50,NA,NA,NA
172,11,1,51,NA,NA,NA
172,11,2,52,2.2,1.2,3
172,11,3,53,2.2,1.2,3
172,11,4,54,2.8,1.4,4
172,11,5,55,2.2,1.2,3
172,12,1,56,2.6,1,3
172,12,2,57,2.4,1.2,3
172,12,3,58,2.6,1,4
172,12,4,59,2.2,1.2,3
172,12,5,60,2.4,1.2,3
172,13,1,61,2.4,1.2,3
172,13,2,62,2.4,1.6,3
172,13,3,63,3,1,4
172,13,4,64,2.4,1.2,4
172,13,5,65,2.6,1.2,3
172,14,1,66,2.4,1.2,3
172,14,2,67,1.6,2,2
172,14,3,68,NA,NA,NA
172,14,4,69,NA,NA,NA
172,14,5,70,2.8,1.4,3
173,1,1,1,NA,NA,NA
173,1,2,2,3.4,1.2,4
173,1,3,3,4.2,1.2,3
173,1,4,4,3.8,1.8,3
173,1,5,5,3.8,2,3
173,2,1,6,4.2,1,5
173,2,2,7,3.8,1,4
173,2,3,8,3.2,1.2,4
173,2,4,9,3.8,1,5
173,2,5,10,3.8,1.4,4
173,3,1,11,2.6,2,3
173,3,2,12,NA,NA,NA
173,3,3,13,NA,NA,NA
173,3,4,14,3.8,1,5
173,3,5,15,3.4,1.8,4
173,4,1,16,3.6,1,4
173,4,2,17,3.2,1.6,5
173,4,3,18,4.8,1.2,5
173,4,4,19,4,1,5
173,4,5,20,3.8,1,4
173,5,1,21,3.4,1,4
173,5,2,22,2.8,1.8,3
173,5,3,23,3,1.8,3
173,5,4,24,2.4,2.6,3
173,5,5,25,2.6,1.2,3
173,6,1,26,3.4,1.2,3
173,6,2,27,3.2,1.6,3
173,6,3,28,3.4,1.4,3
173,6,4,29,4,1,3
173,6,5,30,3.8,1,4
173,7,1,31,3.6,1,3
173,7,2,32,NA,NA,NA
173,7,3,33,NA,NA,NA
173,7,4,34,3.4,1.6,3
173,7,5,35,3.4,1.6,3
173,8,1,36,3.4,1,3
173,8,2,37,3.2,1.2,3
173,8,3,38,NA,NA,NA
173,8,4,39,NA,NA,NA
173,8,5,40,4.2,1.2,5
173,9,1,41,NA,NA,NA
173,9,2,42,NA,NA,NA
173,9,3,43,4.2,1.2,4
173,9,4,44,NA,NA,NA
173,9,5,45,NA,NA,NA
173,10,1,46,4.2,1,5
173,10,2,47,2.8,2.2,3
173,10,3,48,3,2.2,4
173,10,4,49,2.8,1.2,3
173,10,5,50,4.4,1,4
173,11,1,51,4.4,1,5
173,11,2,52,3,1.2,4
173,11,3,53,3.6,1.2,4
173,11,4,54,3.6,1.2,4
173,11,5,55,4.6,1.2,5
173,12,1,56,NA,NA,NA
173,12,2,57,NA,NA,NA
173,12,3,58,3.8,1,4
173,12,4,59,2.8,1.2,3
173,12,5,60,4.6,1,5
173,13,1,61,3,1.2,4
173,13,2,62,3.6,1.2,3
173,13,3,63,NA,NA,NA
173,13,4,64,NA,NA,NA
173,13,5,65,2.8,2,3
173,14,1,66,NA,NA,NA
173,14,2,67,NA,NA,NA
173,14,3,68,3.2,1.6,3
173,14,4,69,4,1.2,4
173,14,5,70,3.8,1,3
174,1,1,1,NA,NA,NA
174,1,2,2,3,1,1
174,1,3,3,NA,NA,NA
174,1,4,4,NA,NA,NA
174,1,5,5,2.4,1,2
174,2,1,6,2.8,1.2,3
174,2,2,7,2.2,1,3
174,2,3,8,2,1.6,3
174,2,4,9,2.4,1.2,2
174,2,5,10,2.4,1.2,1
174,3,1,11,2.4,1.2,2
174,3,2,12,2.8,1.2,3
174,3,3,13,2.8,1.6,4
174,3,4,14,2.6,1.6,1
174,3,5,15,2.2,1.2,2
174,4,1,16,2.6,1.2,2
174,4,2,17,3.8,1,5
174,4,3,18,3,1.2,4
174,4,4,19,3,1,2
174,4,5,20,2,1.8,1
174,5,1,21,NA,NA,NA
174,5,2,22,NA,NA,NA
174,5,3,23,2.8,1,3
174,5,4,24,2.4,1.6,1
174,5,5,25,3.2,1.2,2
174,6,1,26,NA,NA,NA
174,6,2,27,NA,NA,NA
174,6,3,28,NA,NA,NA
174,6,4,29,NA,NA,NA
174,6,5,30,2.8,1,4
174,7,1,31,2.6,1.6,4
174,7,2,32,3,1.2,4
174,7,3,33,3.2,1,4
174,7,4,34,NA,NA,NA
174,7,5,35,NA,NA,NA
174,8,1,36,3.2,1,4
174,8,2,37,3.4,1,4
174,8,3,38,2.2,1.4,4
174,8,4,39,2.2,1.2,2
174,8,5,40,2.4,1.2,1
174,9,1,41,2.6,1,1
174,9,2,42,2.6,1,3
174,9,3,43,3,1.2,3
174,9,4,44,2.4,1.8,1
174,9,5,45,3,1.2,2
174,10,1,46,NA,NA,NA
174,10,2,47,NA,NA,NA
174,10,3,48,2,1.4,2
174,10,4,49,NA,NA,NA
174,10,5,50,NA,NA,NA
174,11,1,51,NA,NA,NA
174,11,2,52,NA,NA,NA
174,11,3,53,2.4,1.4,4
174,11,4,54,2,1.8,1
174,11,5,55,1.8,2,1
174,12,1,56,2.8,1,1
174,12,2,57,2.8,1.2,2
174,12,3,58,NA,NA,NA
174,12,4,59,NA,NA,NA
174,12,5,60,2.6,1,2
174,13,1,61,2.8,1,2
174,13,2,62,3,1,3
174,13,3,63,1.2,2,3
174,13,4,64,1.8,1.6,3
174,13,5,65,1.2,2.8,1
174,14,1,66,NA,NA,NA
174,14,2,67,NA,NA,NA
174,14,3,68,2.6,1.2,2
174,14,4,69,2,1.8,2
174,14,5,70,2.4,1.6,5
175,1,1,1,NA,NA,NA
175,1,2,2,3.8,1.4,5
175,1,3,3,NA,NA,NA
175,1,4,4,NA,NA,NA
175,1,5,5,4,1,5
175,2,1,6,3.8,1.2,5
175,2,2,7,3.4,1.4,4
175,2,3,8,3.4,1,1
175,2,4,9,3.6,1,3
175,2,5,10,2.6,1.6,4
175,3,1,11,1.2,2.8,3
175,3,2,12,2.6,1.2,3
175,3,3,13,3.2,1.8,1
175,3,4,14,3.2,1,5
175,3,5,15,1.6,3,2
175,4,1,16,3.4,1.2,1
175,4,2,17,3.6,1,1
175,4,3,18,NA,NA,NA
175,4,4,19,NA,NA,NA
175,4,5,20,NA,NA,NA
175,5,1,21,NA,NA,NA
175,5,2,22,NA,NA,NA
175,5,3,23,3.4,1,4
175,5,4,24,NA,NA,NA
175,5,5,25,NA,NA,NA
175,6,1,26,NA,NA,NA
175,6,2,27,2,1.4,5
175,6,3,28,3.4,1,4
175,6,4,29,3.6,1,3
175,6,5,30,3.8,1,4
175,7,1,31,NA,NA,NA
175,7,2,32,NA,NA,NA
175,7,3,33,NA,NA,NA
175,7,4,34,NA,NA,NA
175,7,5,35,4,1,4
175,8,1,36,3.8,1,2
175,8,2,37,3,1.4,3
175,8,3,38,3.4,1,2
175,8,4,39,3,1.4,4
175,8,5,40,3,1.4,1
175,9,1,41,NA,NA,NA
175,9,2,42,NA,NA,NA
175,9,3,43,3.6,1.6,2
175,9,4,44,NA,NA,NA
175,9,5,45,NA,NA,NA
175,10,1,46,3.4,1.4,2
175,10,2,47,2.8,1,4
175,10,3,48,3.8,1,4
175,10,4,49,4.4,1,2
175,10,5,50,3.6,1,2
175,11,1,51,4.4,1,5
175,11,2,52,NA,NA,NA
175,11,3,53,NA,NA,NA
175,11,4,54,NA,NA,NA
175,11,5,55,NA,NA,NA
175,12,1,56,NA,NA,NA
175,12,2,57,NA,NA,NA
175,12,3,58,3.4,1,1
175,12,4,59,3.8,1,3
175,12,5,60,3.6,1,5
175,13,1,61,NA,NA,NA
175,13,2,62,NA,NA,NA
175,13,3,63,3.6,1.4,4
175,13,4,64,NA,NA,NA
175,13,5,65,NA,NA,NA
175,14,1,66,NA,NA,NA
175,14,2,67,NA,NA,NA
175,14,3,68,2.2,2.4,5
175,14,4,69,2.2,2.4,3
175,14,5,70,3.4,1,5
176,1,1,1,NA,NA,NA
176,1,2,2,2.6,3.4,5
176,1,3,3,3.4,2.6,3
176,1,4,4,NA,NA,NA
176,1,5,5,NA,NA,NA
176,2,1,6,3,3,4
176,2,2,7,3.2,1.8,5
176,2,3,8,3.8,2.4,4
176,2,4,9,3.8,2.4,4
176,2,5,10,3,3,4
176,3,1,11,3.4,1.8,4
176,3,2,12,2.8,1.6,4
176,3,3,13,2.8,1.6,4
176,3,4,14,3.4,2.4,5
176,3,5,15,3.4,2.4,5
176,4,1,16,3.8,1.2,5
176,4,2,17,3,1.4,4
176,4,3,18,3,1,4
176,4,4,19,2.8,1.6,4
176,4,5,20,1,3.8,1
176,5,1,21,3,1,4
176,5,2,22,3,3,2
176,5,3,23,3,3,2
176,5,4,24,3,3,2
176,5,5,25,2.4,3.2,4
176,6,1,26,2.4,3.2,4
176,6,2,27,2.6,2.6,1
176,6,3,28,2.8,2.4,1
176,6,4,29,2.8,2.4,1
176,6,5,30,2.8,2.4,1
176,7,1,31,NA,NA,NA
176,7,2,32,NA,NA,NA
176,7,3,33,2.4,3.2,4
176,7,4,34,2,3,1
176,7,5,35,2.4,3.2,4
176,8,1,36,NA,NA,NA
176,8,2,37,NA,NA,NA
176,8,3,38,2.6,2.2,3
176,8,4,39,2.4,3.2,4
176,8,5,40,2.4,3.2,4
176,9,1,41,2.2,3.4,4
176,9,2,42,2.6,2.2,3
176,9,3,43,NA,NA,NA
176,9,4,44,NA,NA,NA
176,9,5,45,2,2.8,3
176,10,1,46,2.6,2.2,3
176,10,2,47,3.8,1.4,2
176,10,3,48,2.8,1,2
176,10,4,49,2,2.8,3
176,10,5,50,2.8,1,2
176,11,1,51,3.6,1.2,5
176,11,2,52,2.6,1.2,4
176,11,3,53,3.6,1.2,5
176,11,4,54,3.6,1.2,5
176,11,5,55,3.6,1.2,4
176,12,1,56,3.6,1.2,4
176,12,2,57,3.6,1.2,4
176,12,3,58,3.6,1.2,4
176,12,4,59,3.6,1.2,4
176,12,5,60,3.6,1.2,4
176,13,1,61,NA,NA,NA
176,13,2,62,NA,NA,NA
176,13,3,63,3.2,1.6,4
176,13,4,64,3.6,1.2,4
176,13,5,65,3.2,1.6,4
176,14,1,66,NA,NA,NA
176,14,2,67,NA,NA,NA
176,14,3,68,3.6,1.2,4
176,14,4,69,3.2,1.6,4
176,14,5,70,3.6,1.2,4
177,1,1,1,NA,NA,NA
177,1,2,2,1.8,3.6,2
177,1,3,3,3.4,2,1
177,1,4,4,3.2,1.6,3
177,1,5,5,2.8,1.8,3
177,2,1,6,NA,NA,NA
177,2,2,7,NA,NA,NA
177,2,3,8,3.4,1,3
177,2,4,9,3,1,3
177,2,5,10,3,1,3
177,3,1,11,2.8,1,3
177,3,2,12,2.8,1.2,2
177,3,3,13,3.6,1,3
177,3,4,14,3.6,1,3
177,3,5,15,3.4,1.2,2
177,4,1,16,3.2,1,3
177,4,2,17,3,1,3
177,4,3,18,3,1,3
177,4,4,19,3.8,1,3
177,4,5,20,3.4,1,4
177,5,1,21,2.6,1.8,2
177,5,2,22,2.8,1.2,2
177,5,3,23,3.2,1,3
177,5,4,24,3,1,3
177,5,5,25,3.4,1,4
177,6,1,26,2,3.2,2
177,6,2,27,2.6,2.4,3
177,6,3,28,2.8,2.2,3
177,6,4,29,2.8,2.4,3
177,6,5,30,2.2,3,3
177,7,1,31,NA,NA,NA
177,7,2,32,NA,NA,NA
177,7,3,33,NA,NA,NA
177,7,4,34,3.4,1,3
177,7,5,35,3.2,2.2,3
177,8,1,36,2.6,2,3
177,8,2,37,2.2,2.8,3
177,8,3,38,3,2.2,3
177,8,4,39,2.8,2,3
177,8,5,40,2.6,1.8,3
177,9,1,41,2.8,1.6,3
177,9,2,42,3,1.6,3
177,9,3,43,3.4,1.8,3
177,9,4,44,3,1.4,4
177,9,5,45,3.2,1.4,3
177,10,1,46,2.8,1.8,4
177,10,2,47,3.6,1.2,4
177,10,3,48,4,1.2,4
177,10,4,49,3.8,1.2,4
177,10,5,50,3.6,1,3
177,11,1,51,3,1,3
177,11,2,52,3,1,3
177,11,3,53,3.6,1,3
177,11,4,54,3.6,1,4
177,11,5,55,3.4,1,4
177,12,1,56,3,1,4
177,12,2,57,3.2,1,3
177,12,3,58,3.6,1,4
177,12,4,59,3.6,1,4
177,12,5,60,3.8,1,4
177,13,1,61,3.4,1,3
177,13,2,62,3.2,1,3
177,13,3,63,3.6,1,4
177,13,4,64,3.8,1,4
177,13,5,65,4,1,4
177,14,1,66,3,1,3
177,14,2,67,3.4,1,3
177,14,3,68,3.4,1,4
177,14,4,69,4,1,4
177,14,5,70,3.8,1,4
178,1,1,1,NA,NA,NA
178,1,2,2,NA,NA,NA
178,1,3,3,NA,NA,NA
178,1,4,4,NA,NA,NA
178,1,5,5,2.4,1.6,3
178,2,1,6,2.6,1.4,4
178,2,2,7,3.4,1,4
178,2,3,8,3.2,1,4
178,2,4,9,1.8,3.2,2
178,2,5,10,1.6,2.8,3
178,3,1,11,1.8,2,3
178,3,2,12,1.8,2.2,3
178,3,3,13,1.8,2,3
178,3,4,14,1.4,2.6,3
178,3,5,15,2,2,4
178,4,1,16,2.2,1.8,4
178,4,2,17,2.6,1.6,4
178,4,3,18,2.8,1.2,4
178,4,4,19,2.4,2,3
178,4,5,20,3.6,1,4
178,5,1,21,1.4,2.2,4
178,5,2,22,2.8,1.2,4
178,5,3,23,3.2,1,4
178,5,4,24,2.2,2.4,4
178,5,5,25,1.6,3,4
178,6,1,26,2.4,2.4,3
178,6,2,27,2.6,1.8,3
178,6,3,28,3.6,1.4,4
178,6,4,29,2.8,1.2,3
178,6,5,30,3.2,1.2,3
178,7,1,31,2.6,1.6,3
178,7,2,32,2.6,2,4
178,7,3,33,3.2,1.4,4
178,7,4,34,2.8,1.2,3
178,7,5,35,3.2,1,3
178,8,1,36,3.4,1,4
178,8,2,37,2.8,1.8,3
178,8,3,38,3.4,1.2,3
178,8,4,39,3.4,1.4,4
178,8,5,40,2.6,2,3
178,9,1,41,2.8,2,3
178,9,2,42,3.2,1.2,4
178,9,3,43,3.4,1,4
178,9,4,44,3.2,1,3
178,9,5,45,2.8,1.4,3
178,10,1,46,3.4,1,4
178,10,2,47,2.8,1.4,3
178,10,3,48,2.4,2.2,3
178,10,4,49,2.4,2.8,2
178,10,5,50,2.4,2.4,2
178,11,1,51,2.4,2.8,3
178,11,2,52,1.8,2.8,3
178,11,3,53,2.6,2.6,3
178,11,4,54,2.2,3,3
178,11,5,55,2.6,2.4,3
178,12,1,56,1.8,2.6,2
178,12,2,57,2,2.4,2
178,12,3,58,2,2.6,3
178,12,4,59,1.6,3,2
178,12,5,60,2.2,2.2,3
178,13,1,61,2.6,2,3
178,13,2,62,2.8,1.8,3
178,13,3,63,2.8,2.2,3
178,13,4,64,3,1.6,3
178,13,5,65,3.6,1.4,4
178,14,1,66,3,1.4,3
178,14,2,67,2.2,1.8,3
178,14,3,68,3.2,1.6,4
178,14,4,69,2.8,1.4,3
178,14,5,70,3,1.2,3
179,1,1,1,NA,NA,NA
179,1,2,2,NA,NA,NA
179,1,3,3,NA,NA,NA
179,1,4,4,NA,NA,NA
179,1,5,5,NA,NA,NA
179,2,1,6,NA,NA,NA
179,2,2,7,NA,NA,NA
179,2,3,8,3.4,2,2
179,2,4,9,4.2,1.2,4
179,2,5,10,2.4,3.6,4
179,3,1,11,3.2,2.4,5
179,3,2,12,3.8,1,4
179,3,3,13,3.8,2,4
179,3,4,14,3.2,2,4
179,3,5,15,NA,NA,NA
179,4,1,16,NA,NA,NA
179,4,2,17,NA,NA,NA
179,4,3,18,NA,NA,NA
179,4,4,19,NA,NA,NA
179,4,5,20,NA,NA,NA
179,5,1,21,3.6,1.6,3
179,5,2,22,NA,NA,NA
179,5,3,23,NA,NA,NA
179,5,4,24,3.6,1,4
179,5,5,25,1.6,2.6,3
179,6,1,26,3.6,1,2
179,6,2,27,2.8,2.2,4
179,6,3,28,4,1.6,4
179,6,4,29,3.2,1.6,4
179,6,5,30,3.6,2,5
179,7,1,31,3.6,1.4,4
179,7,2,32,NA,NA,NA
179,7,3,33,NA,NA,NA
179,7,4,34,NA,NA,NA
179,7,5,35,4,1.2,5
179,8,1,36,3.6,1.4,4
179,8,2,37,2,3.2,2
179,8,3,38,2,3.2,2
179,8,4,39,NA,NA,NA
179,8,5,40,NA,NA,NA
179,9,1,41,NA,NA,NA
179,9,2,42,3.4,1,4
179,9,3,43,3.4,1,3
179,9,4,44,3.2,1.2,4
179,9,5,45,3.8,1,3
179,10,1,46,3.6,1.6,3
179,10,2,47,3.6,1.2,2
179,10,3,48,3.4,1,4
179,10,4,49,3.6,1.4,5
179,10,5,50,3.4,1.2,4
179,11,1,51,3.8,1,4
179,11,2,52,3.8,1.2,4
179,11,3,53,3.8,1,4
179,11,4,54,NA,NA,NA
179,11,5,55,NA,NA,NA
179,12,1,56,3.8,1,4
179,12,2,57,3.6,1.2,2
179,12,3,58,3.8,1.2,4
179,12,4,59,3.8,1.2,4
179,12,5,60,NA,NA,NA
179,13,1,61,NA,NA,NA
179,13,2,62,4,1,4
179,13,3,63,NA,NA,NA
179,13,4,64,NA,NA,NA
179,13,5,65,3.4,1.8,4
179,14,1,66,3.4,1,4
179,14,2,67,NA,NA,NA
179,14,3,68,NA,NA,NA
179,14,4,69,3.8,1.2,4
179,14,5,70,4,1,4
181,1,1,1,NA,NA,NA
181,1,2,2,NA,NA,NA
181,1,3,3,NA,NA,NA
181,1,4,4,NA,NA,NA
181,1,5,5,NA,NA,NA
181,2,1,6,3.8,1,4
181,2,2,7,3.4,1,4
181,2,3,8,3.4,1,4
181,2,4,9,3.4,1.2,3
181,2,5,10,3.4,1,4
181,3,1,11,NA,NA,NA
181,3,2,12,NA,NA,NA
181,3,3,13,NA,NA,NA
181,3,4,14,3.6,1,4
181,3,5,15,4,1,5
181,4,1,16,3.2,1,4
181,4,2,17,3.4,1,3
181,4,3,18,3.6,1,5
181,4,4,19,3.8,1,4
181,4,5,20,4,1,4
181,5,1,21,3.8,1,4
181,5,2,22,3.8,1,4
181,5,3,23,4.2,1,4
181,5,4,24,4,1,5
181,5,5,25,NA,NA,NA
181,6,1,26,NA,NA,NA
181,6,2,27,3.8,1,4
181,6,3,28,3.4,1,4
181,6,4,29,4,1,4
181,6,5,30,3.8,1,4
181,7,1,31,3.8,1,5
181,7,2,32,3.6,1.4,4
181,7,3,33,3.6,1,4
181,7,4,34,3.4,1.2,3
181,7,5,35,NA,NA,NA
181,8,1,36,NA,NA,NA
181,8,2,37,3.6,1,4
181,8,3,38,3.4,1,4
181,8,4,39,3.2,2.2,3
181,8,5,40,3.4,1,4
181,9,1,41,3.4,1,4
181,9,2,42,3.4,1,3
181,9,3,43,3.4,1,4
181,9,4,44,3.6,1,4
181,9,5,45,4,1.2,4
181,10,1,46,3.8,1,5
181,10,2,47,3.8,1,4
181,10,3,48,4.2,1,5
181,10,4,49,3.8,1,4
181,10,5,50,3.6,1.2,4
181,11,1,51,4.2,1,5
181,11,2,52,3.6,1,4
181,11,3,53,3.8,1,4
181,11,4,54,4,1.4,4
181,11,5,55,NA,NA,NA
181,12,1,56,NA,NA,NA
181,12,2,57,NA,NA,NA
181,12,3,58,NA,NA,NA
181,12,4,59,NA,NA,NA
181,12,5,60,NA,NA,NA
181,13,1,61,NA,NA,NA
181,13,2,62,NA,NA,NA
181,13,3,63,NA,NA,NA
181,13,4,64,NA,NA,NA
181,13,5,65,NA,NA,NA
181,14,1,66,NA,NA,NA
181,14,2,67,NA,NA,NA
181,14,3,68,NA,NA,NA
181,14,4,69,NA,NA,NA
181,14,5,70,NA,NA,NA
182,1,1,1,NA,NA,NA
182,1,2,2,NA,NA,NA
182,1,3,3,NA,NA,NA
182,1,4,4,NA,NA,NA
182,1,5,5,4.6,1,4
182,2,1,6,4.6,1,5
182,2,2,7,4,1,4
182,2,3,8,4.2,1,4
182,2,4,9,4.2,1,5
182,2,5,10,4.6,1,4
182,3,1,11,4.6,1,5
182,3,2,12,4.4,1,4
182,3,3,13,3.4,2.6,2
182,3,4,14,3.4,2.6,2
182,3,5,15,4,1,5
182,4,1,16,4.6,1,4
182,4,2,17,3.6,1,3
182,4,3,18,4.2,1,3
182,4,4,19,4.6,1,3
182,4,5,20,4.2,1,5
182,5,1,21,NA,NA,NA
182,5,2,22,NA,NA,NA
182,5,3,23,4.6,1,4
182,5,4,24,4,1,4
182,5,5,25,3.6,1,3
182,6,1,26,4.4,1,5
182,6,2,27,4,1,5
182,6,3,28,4.8,1,4
182,6,4,29,4.8,1,4
182,6,5,30,4.2,1,5
182,7,1,31,3.6,1,3
182,7,2,32,4.8,1,5
182,7,3,33,4.6,1,5
182,7,4,34,4.8,1,4
182,7,5,35,4,1,5
182,8,1,36,5,1,5
182,8,2,37,4.8,1,4
182,8,3,38,3.6,1.2,4
182,8,4,39,4.2,1,5
182,8,5,40,4.2,1,5
182,9,1,41,4.4,1,5
182,9,2,42,3,2,3
182,9,3,43,4.4,1,4
182,9,4,44,3.8,1,4
182,9,5,45,3.6,1,3
182,10,1,46,3.8,1,4
182,10,2,47,4.8,1,5
182,10,3,48,NA,NA,NA
182,10,4,49,NA,NA,NA
182,10,5,50,3.8,1,4
182,11,1,51,4.8,1,4
182,11,2,52,4.6,1,4
182,11,3,53,3.8,1,4
182,11,4,54,4.2,1,5
182,11,5,55,4.6,1,4
182,12,1,56,NA,NA,NA
182,12,2,57,NA,NA,NA
182,12,3,58,NA,NA,NA
182,12,4,59,NA,NA,NA
182,12,5,60,NA,NA,NA
182,13,1,61,NA,NA,NA
182,13,2,62,NA,NA,NA
182,13,3,63,NA,NA,NA
182,13,4,64,NA,NA,NA
182,13,5,65,NA,NA,NA
182,14,1,66,NA,NA,NA
182,14,2,67,NA,NA,NA
182,14,3,68,NA,NA,NA
182,14,4,69,NA,NA,NA
182,14,5,70,NA,NA,NA
183,1,1,1,NA,NA,NA
183,1,2,2,3.6,1.4,4
183,1,3,3,4,1.8,5
183,1,4,4,4,2,5
183,1,5,5,4,1.2,4
183,2,1,6,2.2,3.2,2
183,2,2,7,4,1.8,3
183,2,3,8,NA,NA,NA
183,2,4,9,NA,NA,NA
183,2,5,10,2.4,2.6,1
183,3,1,11,3,2,5
183,3,2,12,NA,NA,NA
183,3,3,13,NA,NA,NA
183,3,4,14,3.8,2.2,4
183,3,5,15,4,2,2
183,4,1,16,3.8,2.2,2
183,4,2,17,NA,NA,NA
183,4,3,18,NA,NA,NA
183,4,4,19,3.4,2.6,2
183,4,5,20,NA,NA,NA
183,5,1,21,NA,NA,NA
183,5,2,22,NA,NA,NA
183,5,3,23,3.8,1.2,3
183,5,4,24,3,2.6,3
183,5,5,25,NA,NA,NA
183,6,1,26,NA,NA,NA
183,6,2,27,4.4,1.2,5
183,6,3,28,NA,NA,NA
183,6,4,29,NA,NA,NA
183,6,5,30,3.4,1.8,3
183,7,1,31,3,2,5
183,7,2,32,3.6,1.8,5
183,7,3,33,3.6,2.2,5
183,7,4,34,2.6,3.2,2
183,7,5,35,3.4,1.6,5
183,8,1,36,4.2,1.6,5
183,8,2,37,3.8,1.4,2
183,8,3,38,4.8,1.2,2
183,8,4,39,3.6,1.6,5
183,8,5,40,4,2.2,3
183,9,1,41,3,2.6,5
183,9,2,42,NA,NA,NA
183,9,3,43,NA,NA,NA
183,9,4,44,3.6,1.4,5
183,9,5,45,2.2,2.8,5
183,10,1,46,4.4,1.4,3
183,10,2,47,3.4,2.6,3
183,10,3,48,3.8,2,3
183,10,4,49,3.6,2.4,3
183,10,5,50,NA,NA,NA
183,11,1,51,NA,NA,NA
183,11,2,52,NA,NA,NA
183,11,3,53,NA,NA,NA
183,11,4,54,4.2,1.6,5
183,11,5,55,NA,NA,NA
183,12,1,56,NA,NA,NA
183,12,2,57,NA,NA,NA
183,12,3,58,NA,NA,NA
183,12,4,59,1.8,2.8,5
183,12,5,60,NA,NA,NA
183,13,1,61,NA,NA,NA
183,13,2,62,4,1,5
183,13,3,63,NA,NA,NA
183,13,4,64,NA,NA,NA
183,13,5,65,4.4,1.4,5
183,14,1,66,4.8,1,5
183,14,2,67,4.6,1,5
183,14,3,68,4.6,1,5
183,14,4,69,5,1.2,5
183,14,5,70,4.6,1,5
184,1,1,1,NA,NA,NA
184,1,2,2,NA,NA,NA
184,1,3,3,NA,NA,NA
184,1,4,4,NA,NA,NA
184,1,5,5,3.4,1,5
184,2,1,6,3.6,1,5
184,2,2,7,4.6,1,5
184,2,3,8,NA,NA,NA
184,2,4,9,NA,NA,NA
184,2,5,10,4.4,1.2,5
184,3,1,11,4.8,1,5
184,3,2,12,4.4,1,5
184,3,3,13,4.6,1,5
184,3,4,14,NA,NA,NA
184,3,5,15,NA,NA,NA
184,4,1,16,NA,NA,NA
184,4,2,17,NA,NA,NA
184,4,3,18,NA,NA,NA
184,4,4,19,NA,NA,NA
184,4,5,20,4.2,1.2,5
184,5,1,21,4.8,1.4,5
184,5,2,22,3.8,1,5
184,5,3,23,3.4,2,3
184,5,4,24,NA,NA,NA
184,5,5,25,NA,NA,NA
184,6,1,26,4,1.2,3
184,6,2,27,3.8,1.8,3
184,6,3,28,4.4,1.2,5
184,6,4,29,3.6,1.2,3
184,6,5,30,NA,NA,NA
184,7,1,31,NA,NA,NA
184,7,2,32,4.2,1,5
184,7,3,33,3.2,1.8,2
184,7,4,34,3,1.8,2
184,7,5,35,4.4,1,5
184,8,1,36,4,1,5
184,8,2,37,4.4,1,5
184,8,3,38,NA,NA,NA
184,8,4,39,NA,NA,NA
184,8,5,40,3.8,1,5
184,9,1,41,4.6,1,5
184,9,2,42,1,2.2,1
184,9,3,43,NA,NA,NA
184,9,4,44,NA,NA,NA
184,9,5,45,1,1.8,2
184,10,1,46,1,3.4,1
184,10,2,47,1.2,3.6,2
184,10,3,48,1.4,3.2,3
184,10,4,49,1.4,2.8,2
184,10,5,50,1.4,3.4,2
184,11,1,51,1.8,2,3
184,11,2,52,1.4,3.2,2
184,11,3,53,1.4,2.6,2
184,11,4,54,2.4,1.2,3
184,11,5,55,NA,NA,NA
184,12,1,56,NA,NA,NA
184,12,2,57,4,1,3
184,12,3,58,5,1,5
184,12,4,59,4.6,1,5
184,12,5,60,4.8,1,5
184,13,1,61,4.8,1,5
184,13,2,62,4.8,1,5
184,13,3,63,NA,NA,NA
184,13,4,64,NA,NA,NA
184,13,5,65,4.6,1,5
184,14,1,66,4.6,1,5
184,14,2,67,3.8,1,5
184,14,3,68,3.8,1,5
184,14,4,69,4.6,1,5
184,14,5,70,3.4,3.8,3
185,1,1,1,NA,NA,NA
185,1,2,2,NA,NA,NA
185,1,3,3,3.8,1.4,5
185,1,4,4,NA,NA,NA
185,1,5,5,NA,NA,NA
185,2,1,6,4.2,1,5
185,2,2,7,NA,NA,NA
185,2,3,8,NA,NA,NA
185,2,4,9,4.2,1.2,5
185,2,5,10,4.2,1.4,5
185,3,1,11,4.4,2.4,5
185,3,2,12,2.8,1.8,2
185,3,3,13,4.2,1,5
185,3,4,14,4.6,1,5
185,3,5,15,3.6,1,5
185,4,1,16,5,1,5
185,4,2,17,4.2,1.6,5
185,4,3,18,NA,NA,NA
185,4,4,19,NA,NA,NA
185,4,5,20,NA,NA,NA
185,5,1,21,4.6,1,5
185,5,2,22,4.8,1,5
185,5,3,23,4.8,1,5
185,5,4,24,5,1.6,5
185,5,5,25,4.4,1,5
185,6,1,26,NA,NA,NA
185,6,2,27,NA,NA,NA
185,6,3,28,4.8,1,5
185,6,4,29,4.6,1,5
185,6,5,30,NA,NA,NA
185,7,1,31,NA,NA,NA
185,7,2,32,4.2,2.6,5
185,7,3,33,NA,NA,NA
185,7,4,34,NA,NA,NA
185,7,5,35,4.8,1,5
185,8,1,36,5,1,5
185,8,2,37,4.6,1.4,5
185,8,3,38,5,1,5
185,8,4,39,5,1,5
185,8,5,40,4,1,5
185,9,1,41,4.4,1.4,4
185,9,2,42,4.4,1.4,5
185,9,3,43,4.6,1,5
185,9,4,44,4.4,1.8,5
185,9,5,45,4.6,1.4,5
185,10,1,46,NA,NA,NA
185,10,2,47,NA,NA,NA
185,10,3,48,4.4,1,5
185,10,4,49,NA,NA,NA
185,10,5,50,NA,NA,NA
185,11,1,51,NA,NA,NA
185,11,2,52,NA,NA,NA
185,11,3,53,4,1.6,4
185,11,4,54,3.8,1.8,5
185,11,5,55,NA,NA,NA
185,12,1,56,NA,NA,NA
185,12,2,57,4.6,1.4,5
185,12,3,58,5,1,5
185,12,4,59,4.6,1.8,5
185,12,5,60,5,1,5
185,13,1,61,5,1,5
185,13,2,62,4.6,1.4,5
185,13,3,63,5,1,5
185,13,4,64,4.2,1,5
185,13,5,65,4.2,1,5
185,14,1,66,NA,NA,NA
185,14,2,67,NA,NA,NA
185,14,3,68,NA,NA,NA
185,14,4,69,NA,NA,NA
185,14,5,70,2.6,1.2,1
186,1,1,1,NA,NA,NA
186,1,2,2,NA,NA,NA
186,1,3,3,3.2,2.6,4
186,1,4,4,4.4,1.2,3
186,1,5,5,3.2,2.6,3
186,2,1,6,3.2,2,5
186,2,2,7,3.8,2.4,5
186,2,3,8,4.6,1.6,3
186,2,4,9,2.8,2.4,1
186,2,5,10,4.2,1.8,5
186,3,1,11,1.6,4.4,1
186,3,2,12,3.8,1.8,3
186,3,3,13,4,2.2,2
186,3,4,14,2.4,3,1
186,3,5,15,3,2.6,1
186,4,1,16,NA,NA,NA
186,4,2,17,NA,NA,NA
186,4,3,18,2.8,3.2,1
186,4,4,19,2.4,2,1
186,4,5,20,2.8,2.6,1
186,5,1,21,2.6,2.8,3
186,5,2,22,2.8,1.8,5
186,5,3,23,NA,NA,NA
186,5,4,24,NA,NA,NA
186,5,5,25,NA,NA,NA
186,6,1,26,NA,NA,NA
186,6,2,27,NA,NA,NA
186,6,3,28,3.8,2.2,5
186,6,4,29,4,1.2,5
186,6,5,30,2.6,1.2,5
186,7,1,31,2.6,2,3
186,7,2,32,3.2,2.6,3
186,7,3,33,3.4,3.6,5
186,7,4,34,3.4,1.2,5
186,7,5,35,2.6,2.4,3
186,8,1,36,2.2,2,5
186,8,2,37,3.4,2.2,1
186,8,3,38,2.4,3.6,2
186,8,4,39,4.2,1.2,4
186,8,5,40,3.2,1.2,3
186,9,1,41,2.8,1.2,5
186,9,2,42,3.4,3,3
186,9,3,43,2.6,2.2,5
186,9,4,44,1.4,4,2
186,9,5,45,3.2,3.4,4
186,10,1,46,1.6,4,4
186,10,2,47,2.2,3.6,2
186,10,3,48,2.8,3.2,1
186,10,4,49,NA,NA,NA
186,10,5,50,NA,NA,NA
186,11,1,51,1.8,3,2
186,11,2,52,2.2,2.8,3
186,11,3,53,2.4,3.6,3
186,11,4,54,3.4,1.6,2
186,11,5,55,NA,NA,NA
186,12,1,56,NA,NA,NA
186,12,2,57,NA,NA,NA
186,12,3,58,NA,NA,NA
186,12,4,59,NA,NA,NA
186,12,5,60,NA,NA,NA
186,13,1,61,NA,NA,NA
186,13,2,62,2.8,3.2,4
186,13,3,63,2.6,2.2,1
186,13,4,64,2.2,2.8,5
186,13,5,65,2.4,2.8,1
186,14,1,66,3,2.2,4
186,14,2,67,2.8,2.8,1
186,14,3,68,NA,NA,NA
186,14,4,69,NA,NA,NA
186,14,5,70,3.4,1.8,1
187,1,1,1,NA,NA,NA
187,1,2,2,3.2,1.4,3
187,1,3,3,3.2,1.6,3
187,1,4,4,3.2,1.8,3
187,1,5,5,3.2,2,3
187,2,1,6,3.4,1.6,3
187,2,2,7,3.2,1.6,3
187,2,3,8,NA,NA,NA
187,2,4,9,NA,NA,NA
187,2,5,10,3.4,2,4
187,3,1,11,3.2,2,3
187,3,2,12,NA,NA,NA
187,3,3,13,NA,NA,NA
187,3,4,14,2.8,2.4,3
187,3,5,15,3.2,1.8,3
187,4,1,16,2.8,2,3
187,4,2,17,2.8,1.4,3
187,4,3,18,3.6,1.2,4
187,4,4,19,3.2,1.2,4
187,4,5,20,3.6,1.6,3
187,5,1,21,2.4,4.2,3
187,5,2,22,2.8,3.2,2
187,5,3,23,2.6,3.4,1
187,5,4,24,3.2,2.2,2
187,5,5,25,2.4,2.2,3
187,6,1,26,2.4,3.4,2
187,6,2,27,NA,NA,NA
187,6,3,28,NA,NA,NA
187,6,4,29,2.8,2.2,3
187,6,5,30,3.4,1.8,3
187,7,1,31,2.8,3.4,2
187,7,2,32,3.2,2.2,3
187,7,3,33,3,2.6,3
187,7,4,34,2.6,3,3
187,7,5,35,3,2.6,3
187,8,1,36,3.4,2.2,3
187,8,2,37,2.8,2.4,2
187,8,3,38,2.6,3.2,2
187,8,4,39,3.2,2.4,3
187,8,5,40,2.4,3.4,2
187,9,1,41,2.6,3,2
187,9,2,42,2.4,3.2,1
187,9,3,43,NA,NA,NA
187,9,4,44,NA,NA,NA
187,9,5,45,2.4,2.8,1
187,10,1,46,2.4,3.2,2
187,10,2,47,2.6,2.8,2
187,10,3,48,NA,NA,NA
187,10,4,49,NA,NA,NA
187,10,5,50,3,2.2,2
187,11,1,51,NA,NA,NA
187,11,2,52,NA,NA,NA
187,11,3,53,3,2.4,2
187,11,4,54,2.6,2.6,3
187,11,5,55,2.8,2.8,3
187,12,1,56,3.2,2.6,2
187,12,2,57,2.6,2.6,3
187,12,3,58,NA,NA,NA
187,12,4,59,NA,NA,NA
187,12,5,60,3.2,2,2
187,13,1,61,NA,NA,NA
187,13,2,62,NA,NA,NA
187,13,3,63,3,2,2
187,13,4,64,3,2,2
187,13,5,65,3,2.6,2
187,14,1,66,2.8,3,2
187,14,2,67,2.2,1.4,3
187,14,3,68,2.2,2.8,2
187,14,4,69,3,2.6,2
187,14,5,70,3,2.6,3
188,1,1,1,NA,NA,NA
188,1,2,2,3.6,1.2,5
188,1,3,3,2.6,1.6,4
188,1,4,4,2.4,1.2,4
188,1,5,5,1.8,2.2,4
188,2,1,6,1.6,2.4,3
188,2,2,7,2.8,1.4,4
188,2,3,8,2.2,1.4,4
188,2,4,9,2.8,1.2,4
188,2,5,10,3.6,1.2,4
188,3,1,11,2.2,1.6,4
188,3,2,12,2.4,1.2,4
188,3,3,13,2.6,1.4,4
188,3,4,14,2.4,1.4,4
188,3,5,15,2.8,1.2,4
188,4,1,16,2.2,1.2,4
188,4,2,17,NA,NA,NA
188,4,3,18,NA,NA,NA
188,4,4,19,2.4,1.2,4
188,4,5,20,3,1.6,4
188,5,1,21,2.2,1.4,4
188,5,2,22,2.6,1,4
188,5,3,23,NA,NA,NA
188,5,4,24,NA,NA,NA
188,5,5,25,2.2,1.2,4
188,6,1,26,2.4,1.2,4
188,6,2,27,NA,NA,NA
188,6,3,28,NA,NA,NA
188,6,4,29,2.2,1.2,4
188,6,5,30,2.8,1.2,5
188,7,1,31,2,1.4,4
188,7,2,32,2.4,1,4
188,7,3,33,NA,NA,NA
188,7,4,34,NA,NA,NA
188,7,5,35,2.2,1.2,4
188,8,1,36,2,1.2,4
188,8,2,37,2.6,1,4
188,8,3,38,2.4,1,4
188,8,4,39,2.4,1.4,4
188,8,5,40,NA,NA,NA
188,9,1,41,NA,NA,NA
188,9,2,42,NA,NA,NA
188,9,3,43,NA,NA,NA
188,9,4,44,2.4,1.2,4
188,9,5,45,2.2,1.4,4
188,10,1,46,1.8,1.4,4
188,10,2,47,2.6,1.4,4
188,10,3,48,2.4,1.4,4
188,10,4,49,2.2,1.2,4
188,10,5,50,2.4,1.6,4
188,11,1,51,2.2,1.2,4
188,11,2,52,2.2,1.8,4
188,11,3,53,NA,NA,NA
188,11,4,54,NA,NA,NA
188,11,5,55,2.2,1.2,4
188,12,1,56,2.2,1.4,4
188,12,2,57,2.4,1,4
188,12,3,58,NA,NA,NA
188,12,4,59,NA,NA,NA
188,12,5,60,2,1.2,4
188,13,1,61,2,1,4
188,13,2,62,2.2,1,4
188,13,3,63,NA,NA,NA
188,13,4,64,NA,NA,NA
188,13,5,65,NA,NA,NA
188,14,1,66,NA,NA,NA
188,14,2,67,2.4,1.2,4
188,14,3,68,2.4,2,4
188,14,4,69,2.8,1.2,4
188,14,5,70,2.6,1.4,4
189,1,1,1,NA,NA,NA
189,1,2,2,3.2,2.6,4
189,1,3,3,NA,NA,NA
189,1,4,4,NA,NA,NA
189,1,5,5,4,1.4,5
189,2,1,6,3.8,1,3
189,2,2,7,2.8,1,3
189,2,3,8,3.8,1,3
189,2,4,9,3.8,1,4
189,2,5,10,3,1.4,3
189,3,1,11,NA,NA,NA
189,3,2,12,NA,NA,NA
189,3,3,13,NA,NA,NA
189,3,4,14,3.8,1,5
189,3,5,15,4.2,1.4,5
189,4,1,16,3.8,1,5
189,4,2,17,4,1,5
189,4,3,18,4,1,5
189,4,4,19,4.2,1,5
189,4,5,20,4.2,1,5
189,5,1,21,4.4,1.6,3
189,5,2,22,3.8,1,3
189,5,3,23,3.2,1,3
189,5,4,24,2.4,1.8,2
189,5,5,25,3.4,1.4,4
189,6,1,26,4.2,1,4
189,6,2,27,2.6,1.6,3
189,6,3,28,3.4,1.2,3
189,6,4,29,4,1,5
189,6,5,30,4.4,1,4
189,7,1,31,4,1.2,3
189,7,2,32,3.2,1,3
189,7,3,33,4.2,1,3
189,7,4,34,3,1.6,3
189,7,5,35,3.2,1,3
189,8,1,36,4,1,5
189,8,2,37,4.2,1,5
189,8,3,38,3.4,1.2,3
189,8,4,39,3.2,1.2,3
189,8,5,40,4.2,1.6,3
189,9,1,41,4.6,1,5
189,9,2,42,3,1.2,3
189,9,3,43,3.8,1,5
189,9,4,44,4.4,1,5
189,9,5,45,4.6,1,5
189,10,1,46,NA,NA,NA
189,10,2,47,NA,NA,NA
189,10,3,48,NA,NA,NA
189,10,4,49,NA,NA,NA
189,10,5,50,4.6,1,4
189,11,1,51,NA,NA,NA
189,11,2,52,NA,NA,NA
189,11,3,53,NA,NA,NA
189,11,4,54,NA,NA,NA
189,11,5,55,4.6,1,5
189,12,1,56,NA,NA,NA
189,12,2,57,NA,NA,NA
189,12,3,58,3.8,1.4,5
189,12,4,59,3,1.4,3
189,12,5,60,3.2,1.4,3
189,13,1,61,2.8,2.6,3
189,13,2,62,NA,NA,NA
189,13,3,63,NA,NA,NA
189,13,4,64,3.2,1.4,3
189,13,5,65,3.2,1.4,3
189,14,1,66,2.8,1.4,3
189,14,2,67,3.4,1.6,3
189,14,3,68,3.6,1.2,4
189,14,4,69,2.2,2.4,3
189,14,5,70,NA,NA,NA
190,1,1,1,NA,NA,NA
190,1,2,2,3.2,2.4,4
190,1,3,3,2.8,2.4,3
190,1,4,4,NA,NA,NA
190,1,5,5,NA,NA,NA
190,2,1,6,NA,NA,NA
190,2,2,7,NA,NA,NA
190,2,3,8,NA,NA,NA
190,2,4,9,2.6,2.8,4
190,2,5,10,2,3.8,1
190,3,1,11,3.6,2.2,4
190,3,2,12,2.6,3.2,2
190,3,3,13,2.4,3.8,2
190,3,4,14,2.8,3.2,1
190,3,5,15,2.6,3.4,2
190,4,1,16,2,3.6,2
190,4,2,17,3,3.6,3
190,4,3,18,2,4.4,1
190,4,4,19,3.2,3.8,2
190,4,5,20,2.4,4,2
190,5,1,21,2.2,4.2,1
190,5,2,22,2.4,4,2
190,5,3,23,2,4.4,2
190,5,4,24,2.2,4.8,1
190,5,5,25,2,4.6,1
190,6,1,26,2.2,4,2
190,6,2,27,2.4,4.4,2
190,6,3,28,2,4.4,2
190,6,4,29,2.2,4.4,2
190,6,5,30,1.8,4.2,2
190,7,1,31,1.8,4.2,2
190,7,2,32,3.8,2.6,4
190,7,3,33,2.6,3.6,4
190,7,4,34,1.6,4.4,2
190,7,5,35,NA,NA,NA
190,8,1,36,NA,NA,NA
190,8,2,37,2,3.8,2
190,8,3,38,2.2,4,1
190,8,4,39,1.8,4.2,2
190,8,5,40,NA,NA,NA
190,9,1,41,NA,NA,NA
190,9,2,42,1.8,4.6,1
190,9,3,43,1.4,4.8,1
190,9,4,44,NA,NA,NA
190,9,5,45,NA,NA,NA
190,10,1,46,1.2,5,1
190,10,2,47,1.8,4.6,1
190,10,3,48,2.2,4.4,1
190,10,4,49,2.2,4.8,2
190,10,5,50,NA,NA,NA
190,11,1,51,NA,NA,NA
190,11,2,52,NA,NA,NA
190,11,3,53,NA,NA,NA
190,11,4,54,1.6,5,1
190,11,5,55,NA,NA,NA
190,12,1,56,NA,NA,NA
190,12,2,57,2.2,4.6,2
190,12,3,58,2.4,3.8,2
190,12,4,59,NA,NA,NA
190,12,5,60,NA,NA,NA
190,13,1,61,1.6,4.2,1
190,13,2,62,2.2,4,2
190,13,3,63,2,4.6,2
190,13,4,64,1.4,4.8,2
190,13,5,65,NA,NA,NA
190,14,1,66,NA,NA,NA
190,14,2,67,1.4,5,1
190,14,3,68,1.6,5,1
190,14,4,69,1.8,4.8,1
190,14,5,70,1.6,4.6,2
192,1,1,1,NA,NA,NA
192,1,2,2,NA,NA,NA
192,1,3,3,NA,NA,NA
192,1,4,4,NA,NA,NA
192,1,5,5,4.6,1,5
192,2,1,6,NA,NA,NA
192,2,2,7,NA,NA,NA
192,2,3,8,1.4,4,5
192,2,4,9,4.2,1.4,5
192,2,5,10,3.2,1,5
192,3,1,11,3.6,1,5
192,3,2,12,1,4.4,3
192,3,3,13,1,4.8,5
192,3,4,14,1.8,3,5
192,3,5,15,3,1.8,3
192,4,1,16,3,1.4,3
192,4,2,17,2.8,1.4,4
192,4,3,18,3.4,1.6,5
192,4,4,19,2.8,1.2,5
192,4,5,20,3,1.4,5
192,5,1,21,2.2,1.8,3
192,5,2,22,3,1.2,5
192,5,3,23,NA,NA,NA
192,5,4,24,NA,NA,NA
192,5,5,25,3.4,1.6,5
192,6,1,26,2.6,1,5
192,6,2,27,2.8,1.2,5
192,6,3,28,3.4,1,5
192,6,4,29,3.2,1.2,5
192,6,5,30,3.2,1,4
192,7,1,31,3.6,1,5
192,7,2,32,2.2,2,4
192,7,3,33,2.8,1.4,5
192,7,4,34,2.6,1.6,5
192,7,5,35,3.4,1,4
192,8,1,36,2.6,1.2,5
192,8,2,37,2.6,1.4,5
192,8,3,38,1.4,3,5
192,8,4,39,3.4,1,5
192,8,5,40,2.8,1,5
192,9,1,41,3.6,1,5
192,9,2,42,1.2,3,5
192,9,3,43,2.8,1.8,5
192,9,4,44,1.8,2.6,5
192,9,5,45,3.2,1.2,5
192,10,1,46,2.4,1.8,5
192,10,2,47,1.6,2.2,5
192,10,3,48,2.2,1.6,5
192,10,4,49,3.6,1.2,5
192,10,5,50,2,2,5
192,11,1,51,1.8,2,5
192,11,2,52,NA,NA,NA
192,11,3,53,NA,NA,NA
192,11,4,54,NA,NA,NA
192,11,5,55,NA,NA,NA
192,12,1,56,NA,NA,NA
192,12,2,57,3,1.8,5
192,12,3,58,1.4,3.2,5
192,12,4,59,3.8,1,5
192,12,5,60,4.2,1,5
192,13,1,61,3.4,1,5
192,13,2,62,1.8,2.4,5
192,13,3,63,2.8,1,5
192,13,4,64,NA,NA,NA
192,13,5,65,NA,NA,NA
192,14,1,66,NA,NA,NA
192,14,2,67,NA,NA,NA
192,14,3,68,1,3.2,5
192,14,4,69,2.4,2,5
192,14,5,70,3.6,1.2,5
193,1,1,1,NA,NA,NA
193,1,2,2,2.8,1,5
193,1,3,3,2.8,1,5
193,1,4,4,NA,NA,NA
193,1,5,5,NA,NA,NA
193,2,1,6,2.4,1,5
193,2,2,7,2.8,1,5
193,2,3,8,2,1,3
193,2,4,9,2.8,1,5
193,2,5,10,2.8,1,5
193,3,1,11,3,1,4
193,3,2,12,1.2,4,2
193,3,3,13,1,3.8,2
193,3,4,14,1.2,4,2
193,3,5,15,2,2.6,3
193,4,1,16,2,2.6,3
193,4,2,17,2.4,2,3
193,4,3,18,2.6,2,3
193,4,4,19,2.6,2,2
193,4,5,20,1.2,4,2
193,5,1,21,1.2,3.6,2
193,5,2,22,3.2,2,4
193,5,3,23,3.2,1.8,3
193,5,4,24,2.8,1.8,3
193,5,5,25,3.2,2,4
193,6,1,26,3.2,2,4
193,6,2,27,3.2,2,3
193,6,3,28,NA,NA,NA
193,6,4,29,NA,NA,NA
193,6,5,30,NA,NA,NA
193,7,1,31,NA,NA,NA
193,7,2,32,2,2.2,2
193,7,3,33,NA,NA,NA
193,7,4,34,NA,NA,NA
193,7,5,35,2.4,1.8,3
193,8,1,36,2.6,1,3
193,8,2,37,2.4,1.6,3
193,8,3,38,2.4,1.2,2
193,8,4,39,2.4,1.2,2
193,8,5,40,2.4,1.2,2
193,9,1,41,3.6,1.2,3
193,9,2,42,2.2,1.6,2
193,9,3,43,2.4,1.2,2
193,9,4,44,NA,NA,NA
193,9,5,45,NA,NA,NA
193,10,1,46,NA,NA,NA
193,10,2,47,2.2,1.6,2
193,10,3,48,2.2,1.6,3
193,10,4,49,NA,NA,NA
193,10,5,50,NA,NA,NA
193,11,1,51,3.6,1,4
193,11,2,52,3.8,1,4
193,11,3,53,3.8,1,4
193,11,4,54,NA,NA,NA
193,11,5,55,NA,NA,NA
193,12,1,56,3.6,1,5
193,12,2,57,4,1,5
193,12,3,58,3.8,1,4
193,12,4,59,3.8,1,5
193,12,5,60,3.8,1,3
193,13,1,61,3.6,1,5
193,13,2,62,2.8,1,3
193,13,3,63,3.4,1.2,3
193,13,4,64,2.2,2.4,2
193,13,5,65,1.2,2.4,2
193,14,1,66,2,2.4,2
193,14,2,67,1,4,1
193,14,3,68,1,3.8,2
193,14,4,69,1.4,3.2,1
193,14,5,70,1.4,3.8,1
194,1,1,1,NA,NA,NA
194,1,2,2,3,1.2,4
194,1,3,3,2.4,1.4,4
194,1,4,4,2.6,1,5
194,1,5,5,2.8,1,4
194,2,1,6,2.8,1,4
194,2,2,7,3,1,3
194,2,3,8,2.8,1.2,4
194,2,4,9,2.4,1,3
194,2,5,10,2,2.6,3
194,3,1,11,NA,NA,NA
194,3,2,12,NA,NA,NA
194,3,3,13,2.2,1.4,4
194,3,4,14,2.6,1.4,3
194,3,5,15,2.8,1,4
194,4,1,16,2.2,1.2,3
194,4,2,17,3,1,3
194,4,3,18,2.4,1,5
194,4,4,19,2.8,1.2,4
194,4,5,20,2.6,1,4
194,5,1,21,2.4,1.4,4
194,5,2,22,2.6,1.2,4
194,5,3,23,2.2,1.2,3
194,5,4,24,2,1.4,4
194,5,5,25,NA,NA,NA
194,6,1,26,NA,NA,NA
194,6,2,27,2.2,1.2,3
194,6,3,28,2.2,1.4,3
194,6,4,29,2,1.2,3
194,6,5,30,NA,NA,NA
194,7,1,31,NA,NA,NA
194,7,2,32,2,1.6,3
194,7,3,33,2.8,1,4
194,7,4,34,2,1,5
194,7,5,35,2.8,1.2,4
194,8,1,36,2.8,1,4
194,8,2,37,2.6,1,4
194,8,3,38,2,1.6,3
194,8,4,39,2.2,1.2,4
194,8,5,40,2.2,1,4
194,9,1,41,1.8,1.8,3
194,9,2,42,2.4,1.4,4
194,9,3,43,2.4,1.8,4
194,9,4,44,NA,NA,NA
194,9,5,45,NA,NA,NA
194,10,1,46,2,1.4,3
194,10,2,47,2.6,1.4,4
194,10,3,48,2.8,1.2,4
194,10,4,49,NA,NA,NA
194,10,5,50,NA,NA,NA
194,11,1,51,2.4,1.2,4
194,11,2,52,NA,NA,NA
194,11,3,53,NA,NA,NA
194,11,4,54,2.4,1.2,4
194,11,5,55,2.6,1.4,4
194,12,1,56,2.2,1,4
194,12,2,57,2.6,1.8,4
194,12,3,58,2.6,1.4,4
194,12,4,59,2.4,1.4,4
194,12,5,60,2.6,1.4,4
194,13,1,61,2,1.6,4
194,13,2,62,2.6,1.4,4
194,13,3,63,2.6,1.6,4
194,13,4,64,2.6,1.6,4
194,13,5,65,2.6,1.4,5
194,14,1,66,2.6,1,5
194,14,2,67,2.4,1.6,4
194,14,3,68,2.2,1.8,4
194,14,4,69,2.6,1.4,4
194,14,5,70,2.4,1.4,4
195,1,1,1,NA,NA,NA
195,1,2,2,NA,NA,NA
195,1,3,3,NA,NA,NA
195,1,4,4,NA,NA,NA
195,1,5,5,3.2,1.8,1
195,2,1,6,3.2,2,5
195,2,2,7,2.4,2.8,5
195,2,3,8,2.6,2,2
195,2,4,9,3.4,1.8,2
195,2,5,10,NA,NA,NA
195,3,1,11,NA,NA,NA
195,3,2,12,2.8,2,5
195,3,3,13,3.4,1.8,2
195,3,4,14,NA,NA,NA
195,3,5,15,NA,NA,NA
195,4,1,16,3,1.2,2
195,4,2,17,3.8,1.2,5
195,4,3,18,4.4,1,5
195,4,4,19,4,1,5
195,4,5,20,4,1,5
195,5,1,21,1.8,3.2,2
195,5,2,22,2.2,3.6,2
195,5,3,23,2.8,2.8,3
195,5,4,24,3.2,2,3
195,5,5,25,NA,NA,NA
195,6,1,26,NA,NA,NA
195,6,2,27,2.8,1.8,3
195,6,3,28,2.8,2.2,3
195,6,4,29,2.6,2.8,2
195,6,5,30,NA,NA,NA
195,7,1,31,NA,NA,NA
195,7,2,32,2.2,3.6,1
195,7,3,33,3,2.4,3
195,7,4,34,NA,NA,NA
195,7,5,35,NA,NA,NA
195,8,1,36,2.6,2.4,2
195,8,2,37,1.6,4,1
195,8,3,38,NA,NA,NA
195,8,4,39,NA,NA,NA
195,8,5,40,NA,NA,NA
195,9,1,41,NA,NA,NA
195,9,2,42,3.2,2,3
195,9,3,43,3,2.2,2
195,9,4,44,2.8,2,3
195,9,5,45,3.2,2,3
195,10,1,46,3,2.2,4
195,10,2,47,3.6,2,2
195,10,3,48,NA,NA,NA
195,10,4,49,NA,NA,NA
195,10,5,50,NA,NA,NA
195,11,1,51,NA,NA,NA
195,11,2,52,3.6,1.8,3
195,11,3,53,3.2,1.6,2
195,11,4,54,NA,NA,NA
195,11,5,55,NA,NA,NA
195,12,1,56,3.6,1.8,3
195,12,2,57,NA,NA,NA
195,12,3,58,NA,NA,NA
195,12,4,59,3.6,2.2,2
195,12,5,60,3.6,2,3
195,13,1,61,3.6,1.8,3
195,13,2,62,3.4,1.6,3
195,13,3,63,3.8,1.4,4
195,13,4,64,NA,NA,NA
195,13,5,65,NA,NA,NA
195,14,1,66,NA,NA,NA
195,14,2,67,NA,NA,NA
195,14,3,68,3.8,1.2,5
195,14,4,69,4,1.2,5
195,14,5,70,NA,NA,NA
196,1,1,1,NA,NA,NA
196,1,2,2,3.4,1.4,5
196,1,3,3,3.8,1.4,4
196,1,4,4,1.8,2.6,3
196,1,5,5,1,4.2,3
196,2,1,6,2.4,3,3
196,2,2,7,2.8,2.4,4
196,2,3,8,2.8,2.6,3
196,2,4,9,2.6,2,4
196,2,5,10,2.6,3,3
196,3,1,11,2.2,3,3
196,3,2,12,4,1.8,4
196,3,3,13,3,2,4
196,3,4,14,3,2.4,4
196,3,5,15,3.6,2.2,4
196,4,1,16,2.8,2,4
196,4,2,17,4,2,4
196,4,3,18,3.4,2,4
196,4,4,19,3.4,2,4
196,4,5,20,3,1.8,4
196,5,1,21,3.4,2,4
196,5,2,22,3.4,2,4
196,5,3,23,3,2,4
196,5,4,24,3.2,1.8,4
196,5,5,25,3.2,2,4
196,6,1,26,2,2.6,3
196,6,2,27,2.8,2,4
196,6,3,28,3.8,1.8,4
196,6,4,29,2.8,2,4
196,6,5,30,3.2,2,4
196,7,1,31,3.4,2,4
196,7,2,32,3.2,2,4
196,7,3,33,3.8,2,4
196,7,4,34,3.2,2,4
196,7,5,35,3.2,2,4
196,8,1,36,2.8,2,3
196,8,2,37,3,2,4
196,8,3,38,3,2,4
196,8,4,39,2.6,2.6,4
196,8,5,40,3,2.4,4
196,9,1,41,2,2.8,4
196,9,2,42,2.2,2.8,4
196,9,3,43,3,2.6,4
196,9,4,44,3,2,4
196,9,5,45,3,2.4,4
196,10,1,46,2.8,2.6,4
196,10,2,47,2.8,2.6,4
196,10,3,48,2.8,2.8,4
196,10,4,49,3,2.2,4
196,10,5,50,2.8,2.4,4
196,11,1,51,3.4,2,4
196,11,2,52,3.4,2,4
196,11,3,53,3,2,4
196,11,4,54,2.4,2.6,4
196,11,5,55,2.2,3.2,4
196,12,1,56,2,2.8,4
196,12,2,57,3,2.8,4
196,12,3,58,3,2.6,4
196,12,4,59,2.6,2.6,4
196,12,5,60,2.8,2.4,4
196,13,1,61,2.8,2.2,4
196,13,2,62,2.6,2.4,4
196,13,3,63,NA,NA,NA
196,13,4,64,NA,NA,NA
196,13,5,65,3,2,4
196,14,1,66,2.4,2,4
196,14,2,67,2.8,2.2,4
196,14,3,68,NA,NA,NA
196,14,4,69,NA,NA,NA
196,14,5,70,3,2,4
197,1,1,1,NA,NA,NA
197,1,2,2,4.2,1.8,3
197,1,3,3,3,1.8,3
197,1,4,4,3.4,1.8,3
197,1,5,5,2.4,1.8,2
197,2,1,6,NA,NA,NA
197,2,2,7,NA,NA,NA
197,2,3,8,3.6,1.4,2
197,2,4,9,3.4,1.4,1
197,2,5,10,3.4,1.2,1
197,3,1,11,3,1.4,1
197,3,2,12,3.4,1,1
197,3,3,13,3.2,1,1
197,3,4,14,3,1.2,1
197,3,5,15,3,1.4,1
197,4,1,16,3,1.2,1
197,4,2,17,NA,NA,NA
197,4,3,18,NA,NA,NA
197,4,4,19,3.4,1.2,1
197,4,5,20,3,1.2,1
197,5,1,21,3,1.2,1
197,5,2,22,2.4,1,1
197,5,3,23,2.8,1.2,1
197,5,4,24,NA,NA,NA
197,5,5,25,NA,NA,NA
197,6,1,26,2.8,1,1
197,6,2,27,3,1.2,1
197,6,3,28,3.4,1,1
197,6,4,29,3.4,1.4,2
197,6,5,30,3,1,1
197,7,1,31,2.6,1.4,1
197,7,2,32,3.2,1.6,1
197,7,3,33,3.2,1.6,1
197,7,4,34,3.2,1.2,1
197,7,5,35,NA,NA,NA
197,8,1,36,NA,NA,NA
197,8,2,37,NA,NA,NA
197,8,3,38,3.2,1,1
197,8,4,39,3.8,1,1
197,8,5,40,3.2,1,1
197,9,1,41,NA,NA,NA
197,9,2,42,NA,NA,NA
197,9,3,43,NA,NA,NA
197,9,4,44,NA,NA,NA
197,9,5,45,NA,NA,NA
197,10,1,46,NA,NA,NA
197,10,2,47,4,1,1
197,10,3,48,3.4,1,1
197,10,4,49,3.4,1,2
197,10,5,50,3.4,1,2
197,11,1,51,3.2,1,1
197,11,2,52,2.8,1,1
197,11,3,53,3.4,1,1
197,11,4,54,3.4,1,1
197,11,5,55,3.2,1,1
197,12,1,56,3,1,1
197,12,2,57,2.6,1.2,1
197,12,3,58,2.8,1.2,1
197,12,4,59,2.6,1,1
197,12,5,60,3.2,1,1
197,13,1,61,2,1.4,2
197,13,2,62,NA,NA,NA
197,13,3,63,NA,NA,NA
197,13,4,64,NA,NA,NA
197,13,5,65,NA,NA,NA
197,14,1,66,NA,NA,NA
197,14,2,67,NA,NA,NA
197,14,3,68,2.6,1.4,1
197,14,4,69,NA,NA,NA
197,14,5,70,NA,NA,NA
198,1,1,1,NA,NA,NA
198,1,2,2,3.6,1,5
198,1,3,3,2.8,1.4,3
198,1,4,4,3,1,3
198,1,5,5,3,1,5
198,2,1,6,NA,NA,NA
198,2,2,7,NA,NA,NA
198,2,3,8,NA,NA,NA
198,2,4,9,NA,NA,NA
198,2,5,10,NA,NA,NA
198,3,1,11,NA,NA,NA
198,3,2,12,2.8,1.4,3
198,3,3,13,3,1,4
198,3,4,14,3.6,1,5
198,3,5,15,3.2,1,5
198,4,1,16,3.2,1.2,3
198,4,2,17,3.2,1,3
198,4,3,18,2,1.2,2
198,4,4,19,2.6,1.2,4
198,4,5,20,3.4,1.4,5
198,5,1,21,2.6,1.4,4
198,5,2,22,3.2,1,3
198,5,3,23,3.4,1,2
198,5,4,24,2.4,1.2,3
198,5,5,25,2.8,1.2,3
198,6,1,26,2.8,1.2,3
198,6,2,27,3.4,1,4
198,6,3,28,2.4,1.4,3
198,6,4,29,2.8,1,5
198,6,5,30,1.8,1.4,2
198,7,1,31,3,1,3
198,7,2,32,2.4,1.4,2
198,7,3,33,3.2,1,4
198,7,4,34,3,1.2,4
198,7,5,35,2.6,1.2,2
198,8,1,36,2.8,1.4,3
198,8,2,37,3,1,1
198,8,3,38,NA,NA,NA
198,8,4,39,NA,NA,NA
198,8,5,40,2.8,1.2,2
198,9,1,41,3,1.2,5
198,9,2,42,3.4,1.2,3
198,9,3,43,3.4,1,4
198,9,4,44,2.4,1.2,4
198,9,5,45,3,1.2,3
198,10,1,46,3.8,1,5
198,10,2,47,4,1,5
198,10,3,48,3.4,1,3
198,10,4,49,3,1.6,2
198,10,5,50,3.6,1,5
198,11,1,51,4,1.2,5
198,11,2,52,3.8,1,4
198,11,3,53,3,1.2,4
198,11,4,54,2.2,1.8,4
198,11,5,55,3,1.6,3
198,12,1,56,3.6,1.2,4
198,12,2,57,4,1,4
198,12,3,58,3.6,1,3
198,12,4,59,3.8,1,5
198,12,5,60,3.8,1.2,4
198,13,1,61,3.6,1.4,4
198,13,2,62,4,1.2,4
198,13,3,63,3.8,1,4
198,13,4,64,3.4,1.2,5
198,13,5,65,3.2,1.2,4
198,14,1,66,3,1,4
198,14,2,67,3.4,1,4
198,14,3,68,3.4,1,3
198,14,4,69,3.8,1.2,4
198,14,5,70,4,1.2,3
199,1,1,1,NA,NA,NA
199,1,2,2,NA,NA,NA
199,1,3,3,NA,NA,NA
199,1,4,4,NA,NA,NA
199,1,5,5,NA,NA,NA
199,2,1,6,NA,NA,NA
199,2,2,7,NA,NA,NA
199,2,3,8,NA,NA,NA
199,2,4,9,NA,NA,NA
199,2,5,10,NA,NA,NA
199,3,1,11,NA,NA,NA
199,3,2,12,4.8,2,3
199,3,3,13,4.4,1.8,5
199,3,4,14,NA,NA,NA
199,3,5,15,NA,NA,NA
199,4,1,16,4,3.2,5
199,4,2,17,4.8,1.2,5
199,4,3,18,4.8,2,5
199,4,4,19,4.6,1.2,5
199,4,5,20,4.4,2.2,3
199,5,1,21,4.2,1.8,5
199,5,2,22,5,1.4,5
199,5,3,23,4.8,1,5
199,5,4,24,4.4,1.2,5
199,5,5,25,4.8,1,5
199,6,1,26,4.4,1.4,5
199,6,2,27,5,1,5
199,6,3,28,4.6,1.4,5
199,6,4,29,4.6,1,5
199,6,5,30,4.2,1,5
199,7,1,31,4.6,1.2,5
199,7,2,32,4.4,1.4,5
199,7,3,33,5,1,5
199,7,4,34,4.6,1.6,5
199,7,5,35,4.6,1,5
199,8,1,36,5,1,5
199,8,2,37,4.6,1.2,5
199,8,3,38,5,1,5
199,8,4,39,NA,NA,NA
199,8,5,40,NA,NA,NA
199,9,1,41,NA,NA,NA
199,9,2,42,NA,NA,NA
199,9,3,43,NA,NA,NA
199,9,4,44,4.6,1.8,5
199,9,5,45,4.4,1.4,5
199,10,1,46,4.2,1,5
199,10,2,47,4.8,3,5
199,10,3,48,4.6,3,5
199,10,4,49,4.2,1.2,5
199,10,5,50,4.2,2.8,5
199,11,1,51,4.4,1.8,5
199,11,2,52,5,2,5
199,11,3,53,4.6,1.6,5
199,11,4,54,4.2,3.2,5
199,11,5,55,4.2,1.8,5
199,12,1,56,4.6,1,5
199,12,2,57,5,1.6,5
199,12,3,58,NA,NA,NA
199,12,4,59,NA,NA,NA
199,12,5,60,4.2,1.4,5
199,13,1,61,NA,NA,NA
199,13,2,62,NA,NA,NA
199,13,3,63,5,1.2,5
199,13,4,64,5,1.6,5
199,13,5,65,4.8,1,5
199,14,1,66,NA,NA,NA
199,14,2,67,NA,NA,NA
199,14,3,68,4.8,1,5
199,14,4,69,4.4,1,5
199,14,5,70,4.6,1.4,5
200,1,1,1,NA,NA,NA
200,1,2,2,2.2,1,2
200,1,3,3,NA,NA,NA
200,1,4,4,NA,NA,NA
200,1,5,5,2.8,1,2
200,2,1,6,2,1,1
200,2,2,7,2.2,1.2,2
200,2,3,8,2.8,1,2
200,2,4,9,2.2,1,1
200,2,5,10,3.4,1,2
200,3,1,11,2.4,1,3
200,3,2,12,1.8,1,1
200,3,3,13,2.6,1,2
200,3,4,14,2,1,1
200,3,5,15,2.4,1,2
200,4,1,16,3,1,3
200,4,2,17,2.4,1,1
200,4,3,18,2.2,1,2
200,4,4,19,3,1,3
200,4,5,20,3.4,1,3
200,5,1,21,2.2,1,2
200,5,2,22,2.6,1,1
200,5,3,23,2.6,1,2
200,5,4,24,2.6,1,1
200,5,5,25,2.6,1,2
200,6,1,26,3.2,1,4
200,6,2,27,2.6,1,3
200,6,3,28,2.8,1,2
200,6,4,29,3.2,1,2
200,6,5,30,3.4,1,4
200,7,1,31,3.4,1,5
200,7,2,32,2.6,1,1
200,7,3,33,2.6,1,2
200,7,4,34,3.2,1,2
200,7,5,35,3,1,3
200,8,1,36,2.2,1,2
200,8,2,37,2.2,1,2
200,8,3,38,2.6,1,2
200,8,4,39,2.6,1,2
200,8,5,40,3.4,1,2
200,9,1,41,3.2,1,3
200,9,2,42,2.6,1,1
200,9,3,43,2.4,1,2
200,9,4,44,2.8,1,2
200,9,5,45,3.4,1,2
200,10,1,46,3,1,2
200,10,2,47,2.4,1,2
200,10,3,48,2.8,1,3
200,10,4,49,2.4,1,1
200,10,5,50,2.8,1,3
200,11,1,51,3.6,1,3
200,11,2,52,2.4,1,1
200,11,3,53,2.8,1,3
200,11,4,54,3.6,1,3
200,11,5,55,2.6,1,3
200,12,1,56,2.8,1,2
200,12,2,57,2.4,1,2
200,12,3,58,2.8,1,3
200,12,4,59,2.6,1,1
200,12,5,60,NA,NA,NA
200,13,1,61,NA,NA,NA
200,13,2,62,2.6,1,1
200,13,3,63,3,1,1
200,13,4,64,2.8,1,2
200,13,5,65,2.8,1,2
200,14,1,66,2.8,1,2
200,14,2,67,3,1,2
200,14,3,68,3,1,3
200,14,4,69,3,1,3
200,14,5,70,3,1,1
201,1,1,1,NA,NA,NA
201,1,2,2,NA,NA,NA
201,1,3,3,5,1,5
201,1,4,4,5,1,1
201,1,5,5,5,1,1
201,2,1,6,2.6,1.8,1
201,2,2,7,4.2,1,3
201,2,3,8,3.8,1.2,5
201,2,4,9,3.8,1.2,5
201,2,5,10,3.8,1.4,5
201,3,1,11,5,1,5
201,3,2,12,5,1,1
201,3,3,13,5,1,1
201,3,4,14,4.8,1,1
201,3,5,15,4.8,1,1
201,4,1,16,4.8,1.6,5
201,4,2,17,2.4,4.2,1
201,4,3,18,2.4,4.2,4
201,4,4,19,3.4,3,5
201,4,5,20,3,3.2,5
201,5,1,21,3.6,3.2,5
201,5,2,22,3.2,3,3
201,5,3,23,NA,NA,NA
201,5,4,24,NA,NA,NA
201,5,5,25,3.6,3.2,4
201,6,1,26,4.2,1.4,5
201,6,2,27,4.2,1,1
201,6,3,28,NA,NA,NA
201,6,4,29,NA,NA,NA
201,6,5,30,4.2,1,5
201,7,1,31,NA,NA,NA
201,7,2,32,NA,NA,NA
201,7,3,33,NA,NA,NA
201,7,4,34,NA,NA,NA
201,7,5,35,3.8,2.6,5
201,8,1,36,4.2,1,5
201,8,2,37,5,1,1
201,8,3,38,NA,NA,NA
201,8,4,39,NA,NA,NA
201,8,5,40,5,1,5
201,9,1,41,5,1,5
201,9,2,42,3.4,1,1
201,9,3,43,4.6,1,5
201,9,4,44,5,1.2,5
201,9,5,45,NA,NA,NA
201,10,1,46,NA,NA,NA
201,10,2,47,NA,NA,NA
201,10,3,48,NA,NA,NA
201,10,4,49,5,1,5
201,10,5,50,NA,NA,NA
201,11,1,51,NA,NA,NA
201,11,2,52,4.4,1,5
201,11,3,53,5,1,5
201,11,4,54,5,1,5
201,11,5,55,5,1,5
201,12,1,56,2.2,2.6,5
201,12,2,57,3.8,1,1
201,12,3,58,5,1,1
201,12,4,59,4.8,1,5
201,12,5,60,3.8,1.6,4
201,13,1,61,3,3,3
201,13,2,62,NA,NA,NA
201,13,3,63,NA,NA,NA
201,13,4,64,3.4,2.8,4
201,13,5,65,3.4,2.8,4
201,14,1,66,4,2.6,5
201,14,2,67,4,2.4,5
201,14,3,68,3.6,2.2,1
201,14,4,69,3,2.2,1
201,14,5,70,3.2,2.8,3
204,1,1,1,NA,NA,NA
204,1,2,2,4.6,1,5
204,1,3,3,2.2,2.6,4
204,1,4,4,NA,NA,NA
204,1,5,5,NA,NA,NA
204,2,1,6,1.8,3,4
204,2,2,7,3.4,1,4
204,2,3,8,3.2,1,4
204,2,4,9,3,1.2,4
204,2,5,10,3.8,1,4
204,3,1,11,3,1.2,5
204,3,2,12,2.2,2.4,4
204,3,3,13,3,1.2,4
204,3,4,14,4,1,5
204,3,5,15,4,1,5
204,4,1,16,4,1,5
204,4,2,17,2.6,1.6,4
204,4,3,18,4.8,1,5
204,4,4,19,3,1.6,4
204,4,5,20,3,1.2,4
204,5,1,21,3.8,1,5
204,5,2,22,3.2,1.4,4
204,5,3,23,3.2,1,4
204,5,4,24,3.4,1,4
204,5,5,25,3.4,1.4,4
204,6,1,26,3.2,1.2,5
204,6,2,27,4,1,5
204,6,3,28,3.8,1,5
204,6,4,29,3.8,1.4,5
204,6,5,30,4,1,5
204,7,1,31,4.4,1,5
204,7,2,32,2.8,1.8,3
204,7,3,33,1.6,3.4,2
204,7,4,34,1.8,2.6,3
204,7,5,35,2.4,1.4,4
204,8,1,36,1,2.8,1
204,8,2,37,2.6,1.8,3
204,8,3,38,2.4,1.6,3
204,8,4,39,3,1.2,4
204,8,5,40,1,4.8,1
204,9,1,41,1,4,2
204,9,2,42,2,1.8,4
204,9,3,43,2.2,1.2,4
204,9,4,44,1.8,2,3
204,9,5,45,1.4,2.2,3
204,10,1,46,1,3.8,1
204,10,2,47,3,1,4
204,10,3,48,3,1.8,4
204,10,4,49,2.6,1.4,3
204,10,5,50,3,1.6,3
204,11,1,51,3.6,1,5
204,11,2,52,2.8,1.6,4
204,11,3,53,2.6,2.4,3
204,11,4,54,2.6,1.8,4
204,11,5,55,2.4,2.4,4
204,12,1,56,2.8,1.4,4
204,12,2,57,3.6,1.2,4
204,12,3,58,4.2,1,5
204,12,4,59,2.8,2,4
204,12,5,60,3.4,1.2,5
204,13,1,61,3.6,1,5
204,13,2,62,3.8,1,5
204,13,3,63,4.2,1,5
204,13,4,64,1.2,4.2,1
204,13,5,65,3.2,1,5
204,14,1,66,2.8,1,4
204,14,2,67,NA,NA,NA
204,14,3,68,NA,NA,NA
204,14,4,69,NA,NA,NA
204,14,5,70,NA,NA,NA
205,1,1,1,NA,NA,NA
205,1,2,2,1.8,5,1
205,1,3,3,2.2,2,2
205,1,4,4,2.2,2,1
205,1,5,5,2.2,2.8,1
205,2,1,6,3.8,1.2,5
205,2,2,7,2.4,2,3
205,2,3,8,2,3.6,1
205,2,4,9,1.6,4,1
205,2,5,10,2.2,1.4,2
205,3,1,11,2,1.6,5
205,3,2,12,2.8,1.6,3
205,3,3,13,2.8,1.2,1
205,3,4,14,2.6,1,3
205,3,5,15,2.8,1.2,5
205,4,1,16,2.8,1.2,5
205,4,2,17,1.6,2,4
205,4,3,18,2,2.2,5
205,4,4,19,2.8,1.2,5
205,4,5,20,2.8,1.2,5
205,5,1,21,2.4,2,3
205,5,2,22,2.2,2,1
205,5,3,23,2.6,2.4,1
205,5,4,24,2.2,2,1
205,5,5,25,2,1.6,5
205,6,1,26,2.2,2.8,1
205,6,2,27,2.6,2.8,5
205,6,3,28,2.8,2.4,2
205,6,4,29,3.2,1.2,4
205,6,5,30,2.8,2.4,2
205,7,1,31,2.2,2,1
205,7,2,32,NA,NA,NA
205,7,3,33,NA,NA,NA
205,7,4,34,3.2,1.2,4
205,7,5,35,2,1.8,2
205,8,1,36,2.8,2.4,2
205,8,2,37,2.6,2.4,1
205,8,3,38,1.6,2,4
205,8,4,39,1.6,2,4
205,8,5,40,1.6,2,4
205,9,1,41,2.2,2,1
205,9,2,42,2.2,2,1
205,9,3,43,2.8,3.4,5
205,9,4,44,2.2,2,1
205,9,5,45,2.8,3.2,4
205,10,1,46,2.2,2.6,5
205,10,2,47,3.2,2.2,5
205,10,3,48,2.8,3.2,4
205,10,4,49,2.8,3.4,5
205,10,5,50,2.8,3.4,5
205,11,1,51,2.2,2.4,4
205,11,2,52,2.8,2.4,2
205,11,3,53,2.2,2.6,4
205,11,4,54,2.6,3,4
205,11,5,55,2.6,3.6,2
205,12,1,56,3.2,3.2,4
205,12,2,57,2.2,3.6,4
205,12,3,58,3,3,4
205,12,4,59,2.6,3,3
205,12,5,60,2.6,3,3
205,13,1,61,2.2,2.8,4
205,13,2,62,3.4,3,4
205,13,3,63,2.8,2.8,3
205,13,4,64,2.2,3,3
205,13,5,65,2.4,2.2,4
205,14,1,66,2,2.6,3
205,14,2,67,2.8,2.8,3
205,14,3,68,2.8,2.6,4
205,14,4,69,2.2,3,4
205,14,5,70,2.2,2.4,4
206,1,1,1,NA,NA,NA
206,1,2,2,2.6,2,2
206,1,3,3,3.6,1.2,4
206,1,4,4,2.8,2,2
206,1,5,5,2.2,2.2,4
206,2,1,6,NA,NA,NA
206,2,2,7,NA,NA,NA
206,2,3,8,2.2,2.4,2
206,2,4,9,3.4,1.4,4
206,2,5,10,2.2,2.8,2
206,3,1,11,3.8,1.6,4
206,3,2,12,NA,NA,NA
206,3,3,13,NA,NA,NA
206,3,4,14,NA,NA,NA
206,3,5,15,2.4,3.8,3
206,4,1,16,2.6,2.6,3
206,4,2,17,2.4,1.8,2
206,4,3,18,2.8,2,2
206,4,4,19,2.4,1.8,2
206,4,5,20,1.6,3.4,2
206,5,1,21,2.8,2,4
206,5,2,22,2,2.8,2
206,5,3,23,2.8,3,4
206,5,4,24,1.6,4,2
206,5,5,25,3,2.4,4
206,6,1,26,3,1.8,4
206,6,2,27,2.4,2.2,2
206,6,3,28,3,1.8,2
206,6,4,29,2.2,3,3
206,6,5,30,2.6,2.6,3
206,7,1,31,3.2,2,4
206,7,2,32,2.2,3,2
206,7,3,33,2.2,2.6,2
206,7,4,34,2.6,2.6,2
206,7,5,35,2,2.2,2
206,8,1,36,1.8,2.2,3
206,8,2,37,2.4,2,3
206,8,3,38,2.8,1.8,3
206,8,4,39,2.4,2.2,2
206,8,5,40,2.4,2.2,3
206,9,1,41,1.4,4.2,1
206,9,2,42,NA,NA,NA
206,9,3,43,NA,NA,NA
206,9,4,44,2.6,2,4
206,9,5,45,2.6,2.6,3
206,10,1,46,2.2,2,3
206,10,2,47,2.4,2,3
206,10,3,48,3.4,2,2
206,10,4,49,2.6,1.4,4
206,10,5,50,2.2,1.4,2
206,11,1,51,3.2,2,3
206,11,2,52,1.6,3.4,2
206,11,3,53,2.2,2.8,2
206,11,4,54,1.6,3.2,3
206,11,5,55,2,2.6,2
206,12,1,56,2.8,2.6,2
206,12,2,57,1.8,2,3
206,12,3,58,2.4,2.2,2
206,12,4,59,1.2,4,1
206,12,5,60,2.4,2,2
206,13,1,61,2.2,2.4,3
206,13,2,62,1.4,3,2
206,13,3,63,NA,NA,NA
206,13,4,64,NA,NA,NA
206,13,5,65,2.4,1.8,3
206,14,1,66,2,1.4,1
206,14,2,67,2,2.6,3
206,14,3,68,1.6,2.6,2
206,14,4,69,2.2,3,3
206,14,5,70,2.6,1.6,2
207,1,1,1,NA,NA,NA
207,1,2,2,2.2,1,1
207,1,3,3,3,1,1
207,1,4,4,1.8,1.2,1
207,1,5,5,2.8,1,3
207,2,1,6,NA,NA,NA
207,2,2,7,NA,NA,NA
207,2,3,8,2.4,1,2
207,2,4,9,2.8,1,2
207,2,5,10,3.2,1,3
207,3,1,11,2.6,1,3
207,3,2,12,2.6,1,4
207,3,3,13,2.6,1,2
207,3,4,14,2.8,1,3
207,3,5,15,3.4,1,3
207,4,1,16,1.2,1.8,1
207,4,2,17,1.8,1,1
207,4,3,18,1.6,1.8,1
207,4,4,19,2.6,1.2,5
207,4,5,20,1.6,2,4
207,5,1,21,2,1.2,3
207,5,2,22,3.2,1,3
207,5,3,23,3.6,1,4
207,5,4,24,2.2,1.4,4
207,5,5,25,2.4,1.6,3
207,6,1,26,1.4,1,3
207,6,2,27,2.8,1,3
207,6,3,28,3,1,3
207,6,4,29,3,3.4,4
207,6,5,30,3,1,5
207,7,1,31,2,1,4
207,7,2,32,1.8,1,3
207,7,3,33,2.4,1.2,4
207,7,4,34,2.4,1,3
207,7,5,35,3,1,5
207,8,1,36,4,1,5
207,8,2,37,2.8,1,4
207,8,3,38,3,1,3
207,8,4,39,3.8,1,5
207,8,5,40,4,1,5
207,9,1,41,1.6,1,3
207,9,2,42,2.4,1.6,3
207,9,3,43,1.2,1.6,1
207,9,4,44,1.4,1.4,2
207,9,5,45,2.2,1,5
207,10,1,46,1.6,1,4
207,10,2,47,1.4,1,2
207,10,3,48,2.8,1,2
207,10,4,49,NA,NA,NA
207,10,5,50,NA,NA,NA
207,11,1,51,2.2,1,5
207,11,2,52,NA,NA,NA
207,11,3,53,NA,NA,NA
207,11,4,54,4.2,1,5
207,11,5,55,3.4,1,4
207,12,1,56,2,1,2
207,12,2,57,2.8,1,4
207,12,3,58,1.6,1,3
207,12,4,59,1.8,1,1
207,12,5,60,3.4,1,1
207,13,1,61,4.2,1,5
207,13,2,62,1.6,1,4
207,13,3,63,2,1,5
207,13,4,64,2.4,1,5
207,13,5,65,3.6,1,5
207,14,1,66,1,2.6,1
207,14,2,67,1.8,1,1
207,14,3,68,3.6,1.2,3
207,14,4,69,3,1,5
207,14,5,70,4,1,5
208,1,1,1,NA,NA,NA
208,1,2,2,NA,NA,NA
208,1,3,3,NA,NA,NA
208,1,4,4,4,1.6,4
208,1,5,5,3.8,1.6,5
208,2,1,6,3.2,1.8,4
208,2,2,7,3.6,1.4,4
208,2,3,8,3.6,1,5
208,2,4,9,3.6,1.2,4
208,2,5,10,4,1,3
208,3,1,11,3.6,1,3
208,3,2,12,3.6,1.2,5
208,3,3,13,4,1.2,5
208,3,4,14,4.2,1,4
208,3,5,15,3.8,2.2,4
208,4,1,16,4,1.4,5
208,4,2,17,3.6,1,4
208,4,3,18,3.8,1.6,5
208,4,4,19,3.8,1.4,4
208,4,5,20,3.8,1,3
208,5,1,21,4.2,1.2,3
208,5,2,22,4.2,1,3
208,5,3,23,3.6,1.6,4
208,5,4,24,4.4,1.2,5
208,5,5,25,4,1.2,5
208,6,1,26,4,1,3
208,6,2,27,4,1.2,3
208,6,3,28,4.2,1.2,4
208,6,4,29,4,1.6,3
208,6,5,30,4.4,1.2,4
208,7,1,31,4.2,1,3
208,7,2,32,3.8,1.2,5
208,7,3,33,4.4,1.2,5
208,7,4,34,3.6,2.4,3
208,7,5,35,3.6,1.6,3
208,8,1,36,3.6,1.2,4
208,8,2,37,4,1.8,4
208,8,3,38,4.2,1.4,3
208,8,4,39,4,1.2,4
208,8,5,40,3.6,1.8,5
208,9,1,41,3.8,1.8,3
208,9,2,42,3.6,1.4,4
208,9,3,43,4,1.4,5
208,9,4,44,4,1.4,4
208,9,5,45,4.8,1.2,5
208,10,1,46,3.6,1.4,3
208,10,2,47,4.2,1.2,4
208,10,3,48,4.4,1.2,5
208,10,4,49,4.4,1.6,4
208,10,5,50,4,2,4
208,11,1,51,4,1.6,5
208,11,2,52,4.4,1,5
208,11,3,53,3.8,1.6,5
208,11,4,54,4.2,1,4
208,11,5,55,4.4,1.4,5
208,12,1,56,NA,NA,NA
208,12,2,57,NA,NA,NA
208,12,3,58,NA,NA,NA
208,12,4,59,NA,NA,NA
208,12,5,60,NA,NA,NA
208,13,1,61,NA,NA,NA
208,13,2,62,4.2,1.8,4
208,13,3,63,4.2,1.2,4
208,13,4,64,4.8,1.2,5
208,13,5,65,3.6,1.8,4
208,14,1,66,4.6,1,4
208,14,2,67,4.2,1.2,3
208,14,3,68,4.4,1.4,4
208,14,4,69,4.4,1.4,5
208,14,5,70,3.4,2.8,3
209,1,1,1,NA,NA,NA
209,1,2,2,2.8,2.2,4
209,1,3,3,3.2,3,4
209,1,4,4,2.6,2.8,3
209,1,5,5,2.8,1.8,2
209,2,1,6,3.2,1.8,3
209,2,2,7,2.8,2.2,5
209,2,3,8,2.8,2.2,2
209,2,4,9,2.6,2.8,3
209,2,5,10,2.8,2.2,3
209,3,1,11,NA,NA,NA
209,3,2,12,NA,NA,NA
209,3,3,13,3.4,2.4,3
209,3,4,14,3.4,2.2,3
209,3,5,15,3,1.6,3
209,4,1,16,4,1.4,4
209,4,2,17,2.4,2,3
209,4,3,18,2.8,2.6,2
209,4,4,19,3.2,1.8,3
209,4,5,20,3.6,1.6,4
209,5,1,21,3.4,1.8,4
209,5,2,22,2.2,2.4,2
209,5,3,23,3.4,1.8,2
209,5,4,24,2.6,2.4,3
209,5,5,25,3.4,1.6,3
209,6,1,26,3,2.4,4
209,6,2,27,2.6,2.6,3
209,6,3,28,2,3.8,2
209,6,4,29,2.8,2.2,2
209,6,5,30,NA,NA,NA
209,7,1,31,NA,NA,NA
209,7,2,32,2.8,2,3
209,7,3,33,3.6,1.8,4
209,7,4,34,NA,NA,NA
209,7,5,35,NA,NA,NA
209,8,1,36,2.8,2.2,2
209,8,2,37,2.2,3.2,2
209,8,3,38,2.4,2.8,2
209,8,4,39,NA,NA,NA
209,8,5,40,NA,NA,NA
209,9,1,41,NA,NA,NA
209,9,2,42,NA,NA,NA
209,9,3,43,NA,NA,NA
209,9,4,44,3.4,2.4,2
209,9,5,45,3.6,1.4,3
209,10,1,46,3.6,1.4,5
209,10,2,47,3.4,1.8,2
209,10,3,48,NA,NA,NA
209,10,4,49,NA,NA,NA
209,10,5,50,3.2,1.8,4
209,11,1,51,3.2,1.8,3
209,11,2,52,2.4,2.8,3
209,11,3,53,2.8,2.4,2
209,11,4,54,3.4,1.6,4
209,11,5,55,3.4,1.4,3
209,12,1,56,3.4,1.8,4
209,12,2,57,2.4,2.2,4
209,12,3,58,3,1.4,4
209,12,4,59,3.4,2.2,4
209,12,5,60,3,2.4,3
209,13,1,61,2,3.2,2
209,13,2,62,2.8,2.6,3
209,13,3,63,2.8,2.8,2
209,13,4,64,3,2.8,4
209,13,5,65,3.6,2,4
209,14,1,66,NA,NA,NA
209,14,2,67,NA,NA,NA
209,14,3,68,NA,NA,NA
209,14,4,69,3.4,1.8,3
209,14,5,70,3.2,1.6,4
210,1,1,1,NA,NA,NA
210,1,2,2,NA,NA,NA
210,1,3,3,3,1,3
210,1,4,4,3,1,3
210,1,5,5,3.4,1,2
210,2,1,6,3,1.2,4
210,2,2,7,3.4,1,3
210,2,3,8,3.2,1,2
210,2,4,9,2.4,2.2,2
210,2,5,10,3,1.2,3
210,3,1,11,3.6,1,4
210,3,2,12,3,1.2,3
210,3,3,13,3.2,1.2,3
210,3,4,14,2.6,1.8,2
210,3,5,15,3.6,1,4
210,4,1,16,NA,NA,NA
210,4,2,17,NA,NA,NA
210,4,3,18,3.2,1,5
210,4,4,19,3.4,1,4
210,4,5,20,3.6,1,4
210,5,1,21,3.4,1,4
210,5,2,22,NA,NA,NA
210,5,3,23,NA,NA,NA
210,5,4,24,3.4,1,4
210,5,5,25,3,1.6,4
210,6,1,26,3.4,1.2,3
210,6,2,27,3.2,1.2,4
210,6,3,28,3.6,1,4
210,6,4,29,3.4,1.4,4
210,6,5,30,3.8,1.2,3
210,7,1,31,3.8,1.2,3
210,7,2,32,3.6,1.2,3
210,7,3,33,3.8,1.2,3
210,7,4,34,3.6,1,4
210,7,5,35,3.6,1.4,3
210,8,1,36,3.6,1.4,4
210,8,2,37,3.6,1.4,4
210,8,3,38,NA,NA,NA
210,8,4,39,NA,NA,NA
210,8,5,40,3.6,1.4,4
210,9,1,41,NA,NA,NA
210,9,2,42,NA,NA,NA
210,9,3,43,3.6,1.4,3
210,9,4,44,3.6,1.2,3
210,9,5,45,3.2,1.4,3
210,10,1,46,3.4,1.4,3
210,10,2,47,NA,NA,NA
210,10,3,48,NA,NA,NA
210,10,4,49,NA,NA,NA
210,10,5,50,NA,NA,NA
210,11,1,51,NA,NA,NA
210,11,2,52,3,1.4,4
210,11,3,53,3.4,1.4,4
210,11,4,54,3.4,1.8,4
210,11,5,55,3.2,1.2,4
210,12,1,56,3.4,1,5
210,12,2,57,3.4,1.6,4
210,12,3,58,3.4,1.6,2
210,12,4,59,3.2,1.4,3
210,12,5,60,NA,NA,NA
210,13,1,61,NA,NA,NA
210,13,2,62,3.4,1.4,4
210,13,3,63,NA,NA,NA
210,13,4,64,NA,NA,NA
210,13,5,65,NA,NA,NA
210,14,1,66,NA,NA,NA
210,14,2,67,3.4,1.6,4
210,14,3,68,3.6,1.4,3
210,14,4,69,2.8,1.6,3
210,14,5,70,NA,NA,NA
212,1,1,1,NA,NA,NA
212,1,2,2,4.6,1,5
212,1,3,3,4.2,1,5
212,1,4,4,3.2,1.2,2
212,1,5,5,3,1.4,2
212,2,1,6,4.2,1.6,5
212,2,2,7,2,1,1
212,2,3,8,3.4,1,3
212,2,4,9,2.6,1.4,2
212,2,5,10,2.2,2.6,3
212,3,1,11,2.2,1.4,1
212,3,2,12,2.6,1,2
212,3,3,13,1.6,2,1
212,3,4,14,3.4,1,4
212,3,5,15,3.8,1,3
212,4,1,16,3.2,1,3
212,4,2,17,2.8,1,1
212,4,3,18,3,1.2,2
212,4,4,19,2.6,1,1
212,4,5,20,3.2,1,1
212,5,1,21,3.8,1,2
212,5,2,22,2.4,2.4,2
212,5,3,23,2.4,2.4,1
212,5,4,24,1.8,1.4,1
212,5,5,25,2.6,1,1
212,6,1,26,2.8,1.4,4
212,6,2,27,1.8,1.4,1
212,6,3,28,2.4,1.4,1
212,6,4,29,2.4,2,1
212,6,5,30,2.6,1,3
212,7,1,31,2.4,1.8,3
212,7,2,32,2.6,1.8,2
212,7,3,33,3,1.6,3
212,7,4,34,3.4,1.2,2
212,7,5,35,3.4,1,1
212,8,1,36,4.4,1,5
212,8,2,37,3,1,1
212,8,3,38,3,1,4
212,8,4,39,3.8,1,5
212,8,5,40,3.4,1,5
212,9,1,41,4.4,1,5
212,9,2,42,2.8,1,2
212,9,3,43,3.8,1,5
212,9,4,44,1.8,1.4,2
212,9,5,45,3.2,1,2
212,10,1,46,3.2,1,2
212,10,2,47,2.6,2.6,1
212,10,3,48,1.8,2.8,1
212,10,4,49,2.2,2.2,1
212,10,5,50,2.8,1,3
212,11,1,51,2,2,1
212,11,2,52,2.2,2,1
212,11,3,53,2,1,1
212,11,4,54,3,1,3
212,11,5,55,NA,NA,NA
212,12,1,56,NA,NA,NA
212,12,2,57,2.6,1,1
212,12,3,58,2.8,1,1
212,12,4,59,2.4,3,1
212,12,5,60,2.8,1,1
212,13,1,61,3.4,1,1
212,13,2,62,NA,NA,NA
212,13,3,63,NA,NA,NA
212,13,4,64,3.8,1,4
212,13,5,65,3,1,4
212,14,1,66,3.6,1,4
212,14,2,67,3.4,1,3
212,14,3,68,2,2.8,1
212,14,4,69,3,1,2
212,14,5,70,3.4,1,5
213,1,1,1,NA,NA,NA
213,1,2,2,4,1,5
213,1,3,3,3.8,1,5
213,1,4,4,3.8,1,5
213,1,5,5,3.6,1,5
213,2,1,6,3.2,1.8,5
213,2,2,7,3.4,1.8,3
213,2,3,8,3.4,1.6,4
213,2,4,9,3.6,1.6,5
213,2,5,10,2.6,1.4,5
213,3,1,11,3.4,1.6,5
213,3,2,12,3.4,1.6,4
213,3,3,13,3.2,1.6,5
213,3,4,14,3.6,1.4,5
213,3,5,15,3.2,1.6,5
213,4,1,16,3.4,1.4,4
213,4,2,17,3,1.8,5
213,4,3,18,3.6,1.4,5
213,4,4,19,3.6,1.6,5
213,4,5,20,3.6,1.6,5
213,5,1,21,3.6,1.4,5
213,5,2,22,3.4,1.8,5
213,5,3,23,2.2,1.8,5
213,5,4,24,4,1.6,5
213,5,5,25,3.6,1.4,5
213,6,1,26,3.2,1.6,5
213,6,2,27,3.4,1.6,5
213,6,3,28,3.4,1,5
213,6,4,29,3.2,1,5
213,6,5,30,3,1,5
213,7,1,31,NA,NA,NA
213,7,2,32,NA,NA,NA
213,7,3,33,3.4,1,5
213,7,4,34,NA,NA,NA
213,7,5,35,NA,NA,NA
213,8,1,36,3.6,1.4,5
213,8,2,37,3.8,1.8,5
213,8,3,38,3.8,1,5
213,8,4,39,3.4,1,5
213,8,5,40,3.8,1.4,5
213,9,1,41,3.8,1.6,5
213,9,2,42,3.4,1.8,5
213,9,3,43,2.6,1.8,5
213,9,4,44,3.6,1,5
213,9,5,45,4.2,1,5
213,10,1,46,4,1.6,5
213,10,2,47,3.8,1.8,5
213,10,3,48,4,1.6,5
213,10,4,49,4.6,1,5
213,10,5,50,3.8,1.6,5
213,11,1,51,4,1,4
213,11,2,52,4.6,1.8,5
213,11,3,53,4.4,1,5
213,11,4,54,4,1.6,5
213,11,5,55,4.6,1,5
213,12,1,56,NA,NA,NA
213,12,2,57,NA,NA,NA
213,12,3,58,4.4,1,5
213,12,4,59,4.8,1,5
213,12,5,60,NA,NA,NA
213,13,1,61,NA,NA,NA
213,13,2,62,4.6,1,5
213,13,3,63,4.2,1,5
213,13,4,64,3.8,1,5
213,13,5,65,4.4,1,5
213,14,1,66,5,1,5
213,14,2,67,3.4,1.8,5
213,14,3,68,4.8,1,5
213,14,4,69,4.8,1,5
213,14,5,70,4.8,1.2,5
214,1,1,1,NA,NA,NA
214,1,2,2,3.8,1,5
214,1,3,3,4.6,1,4
214,1,4,4,4.4,1,4
214,1,5,5,4.6,1,4
214,2,1,6,4.6,1,5
214,2,2,7,4.2,1,5
214,2,3,8,4.6,1,4
214,2,4,9,4.6,1,2
214,2,5,10,4,1,3
214,3,1,11,4,1,3
214,3,2,12,4,1,4
214,3,3,13,4,1,4
214,3,4,14,4,1,4
214,3,5,15,4.4,1,5
214,4,1,16,4,1,5
214,4,2,17,4,1.6,4
214,4,3,18,4.6,1,4
214,4,4,19,4.4,1,4
214,4,5,20,4,1,5
214,5,1,21,3.8,1.6,4
214,5,2,22,4,1.6,5
214,5,3,23,4.6,1,5
214,5,4,24,4,1,4
214,5,5,25,4.6,1,4
214,6,1,26,4,1,5
214,6,2,27,4,1.4,5
214,6,3,28,4.6,1,5
214,6,4,29,4.6,1,5
214,6,5,30,4,1,3
214,7,1,31,4.6,1,5
214,7,2,32,4,1,5
214,7,3,33,4.6,1,4
214,7,4,34,4.6,1,5
214,7,5,35,4.6,1,4
214,8,1,36,4,2.2,2
214,8,2,37,4,1,5
214,8,3,38,4,1,4
214,8,4,39,4.6,1,5
214,8,5,40,4.6,1,5
214,9,1,41,4.6,1,5
214,9,2,42,4,1,4
214,9,3,43,4.6,1,5
214,9,4,44,4,1,5
214,9,5,45,4.6,1,5
214,10,1,46,3.8,1,5
214,10,2,47,4.2,1,5
214,10,3,48,4,1,5
214,10,4,49,4.8,1,5
214,10,5,50,4,1,4
214,11,1,51,4,1,5
214,11,2,52,4.6,1,5
214,11,3,53,4.6,1,5
214,11,4,54,4.6,1,5
214,11,5,55,4.6,1,5
214,12,1,56,4.6,1,5
214,12,2,57,4,1,5
214,12,3,58,4.6,1,5
214,12,4,59,5,1,5
214,12,5,60,4.2,1,5
214,13,1,61,4.2,1,5
214,13,2,62,4,1,5
214,13,3,63,4.6,1,5
214,13,4,64,5,1,5
214,13,5,65,4.6,1,5
214,14,1,66,5,1,5
214,14,2,67,4.6,1,5
214,14,3,68,5,1,5
214,14,4,69,5,1,5
214,14,5,70,5,1,5
215,1,1,1,NA,NA,NA
215,1,2,2,4,1,5
215,1,3,3,3.2,1,3
215,1,4,4,3,1.6,4
215,1,5,5,3,1.6,3
215,2,1,6,2.2,3.6,3
215,2,2,7,3.2,1.2,3
215,2,3,8,2.6,2.2,3
215,2,4,9,2.6,1.6,4
215,2,5,10,2.4,2.8,2
215,3,1,11,2.4,3.2,3
215,3,2,12,3,1.8,3
215,3,3,13,3.8,1,4
215,3,4,14,3.2,1,4
215,3,5,15,NA,NA,NA
215,4,1,16,NA,NA,NA
215,4,2,17,NA,NA,NA
215,4,3,18,NA,NA,NA
215,4,4,19,NA,NA,NA
215,4,5,20,NA,NA,NA
215,5,1,21,NA,NA,NA
215,5,2,22,NA,NA,NA
215,5,3,23,4,1.2,4
215,5,4,24,NA,NA,NA
215,5,5,25,NA,NA,NA
215,6,1,26,4,1,4
215,6,2,27,3.6,1,4
215,6,3,28,3.4,1.2,4
215,6,4,29,NA,NA,NA
215,6,5,30,NA,NA,NA
215,7,1,31,3.6,1,4
215,7,2,32,3,3.2,3
215,7,3,33,3.6,1,4
215,7,4,34,3,1,3
215,7,5,35,3.4,1,3
215,8,1,36,3.4,1.2,4
215,8,2,37,3,1.8,3
215,8,3,38,3,1,3
215,8,4,39,3,1,4
215,8,5,40,3.6,1,3
215,9,1,41,3.6,1,3
215,9,2,42,3.6,1,4
215,9,3,43,3.6,1,4
215,9,4,44,2.8,2,3
215,9,5,45,4,1,4
215,10,1,46,4,1,4
215,10,2,47,4.2,1,4
215,10,3,48,3.4,1.2,3
215,10,4,49,3.4,1.2,4
215,10,5,50,4.2,1,4
215,11,1,51,4.2,1,5
215,11,2,52,2.6,1.2,2
215,11,3,53,4.2,1,3
215,11,4,54,3.4,1,4
215,11,5,55,3,1.4,3
215,12,1,56,3.8,1,4
215,12,2,57,3.4,1,4
215,12,3,58,3.4,1,4
215,12,4,59,3.4,1,4
215,12,5,60,3.2,1,3
215,13,1,61,3.6,1.6,5
215,13,2,62,4.2,1,4
215,13,3,63,3.4,1.6,2
215,13,4,64,3.4,1.4,4
215,13,5,65,3,1.2,2
215,14,1,66,3,1.4,3
215,14,2,67,2.6,2.4,2
215,14,3,68,3.6,1.6,4
215,14,4,69,3.6,1.6,4
215,14,5,70,3.2,1.6,3
216,1,1,1,NA,NA,NA
216,1,2,2,3.6,1,5
216,1,3,3,4,1,5
216,1,4,4,4,1,4
216,1,5,5,4,1,4
216,2,1,6,4.2,1,5
216,2,2,7,NA,NA,NA
216,2,3,8,NA,NA,NA
216,2,4,9,3.2,1.4,4
216,2,5,10,3.6,1,4
216,3,1,11,3.6,1,5
216,3,2,12,3.2,1,5
216,3,3,13,3.8,1,4
216,3,4,14,3.8,1.2,4
216,3,5,15,4,1,5
216,4,1,16,3.6,1,4
216,4,2,17,3,1.4,4
216,4,3,18,3.8,1.2,4
216,4,4,19,3.2,1.2,4
216,4,5,20,4,1.2,5
216,5,1,21,3.4,1.2,5
216,5,2,22,4,1,4
216,5,3,23,4,1,5
216,5,4,24,3.6,1.2,5
216,5,5,25,NA,NA,NA
216,6,1,26,NA,NA,NA
216,6,2,27,2.8,2.2,5
216,6,3,28,3.8,1,4
216,6,4,29,3.8,1,5
216,6,5,30,3.4,1,5
216,7,1,31,4,1,4
216,7,2,32,3,1.6,3
216,7,3,33,4,1,3
216,7,4,34,3.6,1.2,5
216,7,5,35,3.8,1,4
216,8,1,36,3.2,1,5
216,8,2,37,2.6,2.2,3
216,8,3,38,3.8,1,5
216,8,4,39,3.8,1,5
216,8,5,40,3.8,1,4
216,9,1,41,4.4,1,5
216,9,2,42,4.2,1,4
216,9,3,43,4.2,1,5
216,9,4,44,3.8,1,5
216,9,5,45,3.8,1,5
216,10,1,46,3.6,1,5
216,10,2,47,3.8,1,4
216,10,3,48,3.8,1,4
216,10,4,49,4,1,5
216,10,5,50,3.6,1,4
216,11,1,51,4,1,5
216,11,2,52,3.4,1.4,4
216,11,3,53,4.2,1,4
216,11,4,54,3.4,1,5
216,11,5,55,3.4,1,5
216,12,1,56,3.8,1,4
216,12,2,57,3.8,1.2,4
216,12,3,58,4,1,5
216,12,4,59,4,1,5
216,12,5,60,3.6,1,4
216,13,1,61,3.6,1,5
216,13,2,62,4,1,5
216,13,3,63,3.8,1,5
216,13,4,64,4,1,4
216,13,5,65,4.2,1.2,5
216,14,1,66,4.4,1,4
216,14,2,67,3.6,1,4
216,14,3,68,3.8,1,4
216,14,4,69,4,1,4
216,14,5,70,3.2,1,5
217,1,1,1,NA,NA,NA
217,1,2,2,4.2,2.2,5
217,1,3,3,3.8,1,3
217,1,4,4,4,1,4
217,1,5,5,3.6,1,4
217,2,1,6,3.4,1,4
217,2,2,7,2.8,1.4,3
217,2,3,8,3.6,1,5
217,2,4,9,3.8,1.2,5
217,2,5,10,2.4,1.6,2
217,3,1,11,2.4,1,4
217,3,2,12,2.6,2.8,3
217,3,3,13,2.4,2.8,1
217,3,4,14,3.4,1.6,3
217,3,5,15,3.4,1.6,4
217,4,1,16,3.6,1.6,5
217,4,2,17,2.8,1,4
217,4,3,18,3.4,1,4
217,4,4,19,2.8,1.2,5
217,4,5,20,3.2,1,4
217,5,1,21,2.4,1,4
217,5,2,22,3,1.8,4
217,5,3,23,3.2,1.2,4
217,5,4,24,2.6,1.6,4
217,5,5,25,2.4,1.2,4
217,6,1,26,4,1,5
217,6,2,27,3,1,4
217,6,3,28,3.4,1,4
217,6,4,29,3,1,4
217,6,5,30,3,1,4
217,7,1,31,2,1,4
217,7,2,32,2.4,1,5
217,7,3,33,2.4,1,4
217,7,4,34,2.2,1.2,4
217,7,5,35,2.6,1,5
217,8,1,36,2.4,1,4
217,8,2,37,2.4,1.4,4
217,8,3,38,2.8,1,4
217,8,4,39,2.8,1,4
217,8,5,40,2.8,1,4
217,9,1,41,3,1,4
217,9,2,42,2.6,1,4
217,9,3,43,2.4,2,4
217,9,4,44,2.6,1,4
217,9,5,45,2.4,1.8,2
217,10,1,46,2.4,1.2,4
217,10,2,47,3,1,4
217,10,3,48,3,1,5
217,10,4,49,2.8,1,4
217,10,5,50,2.8,1,4
217,11,1,51,2.8,1,4
217,11,2,52,NA,NA,NA
217,11,3,53,NA,NA,NA
217,11,4,54,2.8,1,4
217,11,5,55,2.8,1,4
217,12,1,56,3,1,4
217,12,2,57,2.6,1,4
217,12,3,58,2.8,1,4
217,12,4,59,2.6,1,4
217,12,5,60,2.8,1,4
217,13,1,61,2.4,1,4
217,13,2,62,2.6,1.2,4
217,13,3,63,2.8,1.6,4
217,13,4,64,3.2,1,4
217,13,5,65,2.6,1,4
217,14,1,66,2.8,1,5
217,14,2,67,3,1,4
217,14,3,68,3,1,4
217,14,4,69,3,1,4
217,14,5,70,2.6,1,4
218,1,1,1,NA,NA,NA
218,1,2,2,NA,NA,NA
218,1,3,3,NA,NA,NA
218,1,4,4,4,1,5
218,1,5,5,4.4,1,5
218,2,1,6,4.2,1,5
218,2,2,7,4.2,1,5
218,2,3,8,4.4,1,5
218,2,4,9,4,1,5
218,2,5,10,4.2,1,5
218,3,1,11,4.6,1,5
218,3,2,12,3.6,1,5
218,3,3,13,4,1,5
218,3,4,14,4.8,1,5
218,3,5,15,4.8,1,5
218,4,1,16,5,1,5
218,4,2,17,4,1.2,5
218,4,3,18,4.4,1,5
218,4,4,19,NA,NA,NA
218,4,5,20,NA,NA,NA
218,5,1,21,4.8,1.6,5
218,5,2,22,4.2,1,5
218,5,3,23,4.8,1.2,5
218,5,4,24,4.8,1,5
218,5,5,25,NA,NA,NA
218,6,1,26,NA,NA,NA
218,6,2,27,3.2,1.2,5
218,6,3,28,4.2,1,5
218,6,4,29,NA,NA,NA
218,6,5,30,NA,NA,NA
218,7,1,31,4.8,1,5
218,7,2,32,3.6,1.4,5
218,7,3,33,4.4,1,5
218,7,4,34,NA,NA,NA
218,7,5,35,NA,NA,NA
218,8,1,36,3.8,1,5
218,8,2,37,5,1,5
218,8,3,38,4.6,1.2,5
218,8,4,39,5,1,5
218,8,5,40,NA,NA,NA
218,9,1,41,NA,NA,NA
218,9,2,42,NA,NA,NA
218,9,3,43,4.8,1,5
218,9,4,44,4.6,1,5
218,9,5,45,4.2,1.6,4
218,10,1,46,4.8,1,5
218,10,2,47,5,1,5
218,10,3,48,5,1,5
218,10,4,49,NA,NA,NA
218,10,5,50,NA,NA,NA
218,11,1,51,5,1,5
218,11,2,52,3.6,1.4,5
218,11,3,53,4.8,1,5
218,11,4,54,NA,NA,NA
218,11,5,55,NA,NA,NA
218,12,1,56,4.8,1,5
218,12,2,57,4.4,1,5
218,12,3,58,NA,NA,NA
218,12,4,59,NA,NA,NA
218,12,5,60,4.8,1,5
218,13,1,61,4.8,1,5
218,13,2,62,4.6,1,5
218,13,3,63,5,1,5
218,13,4,64,4.8,1,5
218,13,5,65,4.6,1,5
218,14,1,66,4.8,1,5
218,14,2,67,3.6,1.2,5
218,14,3,68,3.6,1.4,5
218,14,4,69,4.2,1,5
218,14,5,70,4.6,1,5
219,1,1,1,NA,NA,NA
219,1,2,2,2.6,1,3
219,1,3,3,1.6,4,2
219,1,4,4,2.6,2.4,2
219,1,5,5,2.2,2,3
219,2,1,6,2.2,2.2,3
219,2,2,7,2.6,2,2
219,2,3,8,2.8,2,3
219,2,4,9,2.2,2.4,4
219,2,5,10,2.8,2.6,4
219,3,1,11,2.6,3,5
219,3,2,12,3,1.4,4
219,3,3,13,3,2.2,3
219,3,4,14,2.8,1.8,3
219,3,5,15,2.8,1.4,5
219,4,1,16,2.8,1.8,5
219,4,2,17,2.4,1.2,4
219,4,3,18,2.8,1.6,3
219,4,4,19,2.4,1.8,3
219,4,5,20,3.2,2,3
219,5,1,21,2.4,1.6,4
219,5,2,22,2.8,1,3
219,5,3,23,3.2,1.4,5
219,5,4,24,2.2,2.6,4
219,5,5,25,2.8,1.8,5
219,6,1,26,2.6,2.2,4
219,6,2,27,2.6,1.4,4
219,6,3,28,3,2,4
219,6,4,29,3.2,1.4,4
219,6,5,30,NA,NA,NA
219,7,1,31,NA,NA,NA
219,7,2,32,2.6,2,5
219,7,3,33,3,3.2,5
219,7,4,34,3,2.6,5
219,7,5,35,3,2.2,4
219,8,1,36,2.8,2.8,5
219,8,2,37,2.6,2,5
219,8,3,38,3,3,5
219,8,4,39,2.8,3.4,4
219,8,5,40,3.2,4,5
219,9,1,41,2.4,4.4,4
219,9,2,42,3,3,4
219,9,3,43,2.4,3.6,4
219,9,4,44,2.6,3.2,4
219,9,5,45,2.2,3.4,5
219,10,1,46,2.8,3.4,4
219,10,2,47,2.8,3.6,4
219,10,3,48,2.2,3.8,4
219,10,4,49,2.8,3.4,5
219,10,5,50,3,2.8,5
219,11,1,51,2.2,3.2,5
219,11,2,52,2.8,1.8,4
219,11,3,53,2.8,1.8,5
219,11,4,54,2.8,3,5
219,11,5,55,2.2,3.8,4
219,12,1,56,2.4,3.4,5
219,12,2,57,3.6,3.4,5
219,12,3,58,2.8,3.8,4
219,12,4,59,3,3.6,5
219,12,5,60,3.4,3.8,5
219,13,1,61,2.4,3.6,5
219,13,2,62,2.8,2.8,5
219,13,3,63,2.8,2.2,5
219,13,4,64,3.4,1.8,5
219,13,5,65,3,3.6,4
219,14,1,66,2.4,3.4,4
219,14,2,67,3,3.4,4
219,14,3,68,3.6,3.8,5
219,14,4,69,2.6,4.4,4
219,14,5,70,2.8,3.6,4
221,1,1,1,NA,NA,NA
221,1,2,2,NA,NA,NA
221,1,3,3,3.2,1.2,3
221,1,4,4,3.2,1,5
221,1,5,5,3.4,1,4
221,2,1,6,3.6,1,4
221,2,2,7,2.8,1,3
221,2,3,8,2.6,1,4
221,2,4,9,3.4,1,4
221,2,5,10,3.4,1,4
221,3,1,11,1.6,2,2
221,3,2,12,2.4,1,3
221,3,3,13,3,1,3
221,3,4,14,NA,NA,NA
221,3,5,15,NA,NA,NA
221,4,1,16,3.2,1,3
221,4,2,17,2.8,1,3
221,4,3,18,3.6,1,4
221,4,4,19,3.2,1,4
221,4,5,20,NA,NA,NA
221,5,1,21,NA,NA,NA
221,5,2,22,NA,NA,NA
221,5,3,23,NA,NA,NA
221,5,4,24,NA,NA,NA
221,5,5,25,NA,NA,NA
221,6,1,26,NA,NA,NA
221,6,2,27,NA,NA,NA
221,6,3,28,NA,NA,NA
221,6,4,29,NA,NA,NA
221,6,5,30,NA,NA,NA
221,7,1,31,NA,NA,NA
221,7,2,32,NA,NA,NA
221,7,3,33,NA,NA,NA
221,7,4,34,NA,NA,NA
221,7,5,35,NA,NA,NA
221,8,1,36,NA,NA,NA
221,8,2,37,NA,NA,NA
221,8,3,38,NA,NA,NA
221,8,4,39,NA,NA,NA
221,8,5,40,NA,NA,NA
221,9,1,41,2.8,1,3
221,9,2,42,3.2,1,4
221,9,3,43,3.4,1,4
221,9,4,44,2.8,1,3
221,9,5,45,3.4,1,4
221,10,1,46,3,1,3
221,10,2,47,3,1,3
221,10,3,48,3.6,1,4
221,10,4,49,3.2,1,4
221,10,5,50,1.6,2.2,2
221,11,1,51,2.6,1.2,3
221,11,2,52,3,1,3
221,11,3,53,3.2,1,3
221,11,4,54,NA,NA,NA
221,11,5,55,NA,NA,NA
221,12,1,56,2.6,1,4
221,12,2,57,NA,NA,NA
221,12,3,58,NA,NA,NA
221,12,4,59,1.6,2,2
221,12,5,60,NA,NA,NA
221,13,1,61,NA,NA,NA
221,13,2,62,NA,NA,NA
221,13,3,63,NA,NA,NA
221,13,4,64,NA,NA,NA
221,13,5,65,3,1,4
221,14,1,66,NA,NA,NA
221,14,2,67,NA,NA,NA
221,14,3,68,2.6,1,3
221,14,4,69,1.4,3,2
221,14,5,70,1.6,3,2
222,1,1,1,NA,NA,NA
222,1,2,2,1,1,1
222,1,3,3,1,1,1
222,1,4,4,1.4,1,2
222,1,5,5,1.4,1,2
222,2,1,6,1.2,1,2
222,2,2,7,1.2,1,1
222,2,3,8,1,1.2,1
222,2,4,9,1,1,1
222,2,5,10,1,1.4,1
222,3,1,11,1.8,1,2
222,3,2,12,1,1,1
222,3,3,13,NA,NA,NA
222,3,4,14,NA,NA,NA
222,3,5,15,NA,NA,NA
222,4,1,16,NA,NA,NA
222,4,2,17,NA,NA,NA
222,4,3,18,1.2,1.2,1
222,4,4,19,NA,NA,NA
222,4,5,20,NA,NA,NA
222,5,1,21,2,1.2,2
222,5,2,22,NA,NA,NA
222,5,3,23,NA,NA,NA
222,5,4,24,NA,NA,NA
222,5,5,25,NA,NA,NA
222,6,1,26,NA,NA,NA
222,6,2,27,NA,NA,NA
222,6,3,28,NA,NA,NA
222,6,4,29,NA,NA,NA
222,6,5,30,NA,NA,NA
222,7,1,31,NA,NA,NA
222,7,2,32,NA,NA,NA
222,7,3,33,NA,NA,NA
222,7,4,34,NA,NA,NA
222,7,5,35,NA,NA,NA
222,8,1,36,3,1,3
222,8,2,37,2.2,1,1
222,8,3,38,1.2,1,2
222,8,4,39,1,1,2
222,8,5,40,1.4,1,1
222,9,1,41,NA,NA,NA
222,9,2,42,NA,NA,NA
222,9,3,43,NA,NA,NA
222,9,4,44,1.2,1,2
222,9,5,45,2.4,1,3
222,10,1,46,NA,NA,NA
222,10,2,47,NA,NA,NA
222,10,3,48,1,1.4,1
222,10,4,49,1.2,1.2,1
222,10,5,50,NA,NA,NA
222,11,1,51,NA,NA,NA
222,11,2,52,NA,NA,NA
222,11,3,53,NA,NA,NA
222,11,4,54,NA,NA,NA
222,11,5,55,NA,NA,NA
222,12,1,56,NA,NA,NA
222,12,2,57,NA,NA,NA
222,12,3,58,1,1.2,1
222,12,4,59,NA,NA,NA
222,12,5,60,NA,NA,NA
222,13,1,61,1,2,1
222,13,2,62,NA,NA,NA
222,13,3,63,NA,NA,NA
222,13,4,64,NA,NA,NA
222,13,5,65,NA,NA,NA
222,14,1,66,NA,NA,NA
222,14,2,67,NA,NA,NA
222,14,3,68,NA,NA,NA
222,14,4,69,1,1.2,1
222,14,5,70,1.2,1,1
223,1,1,1,NA,NA,NA
223,1,2,2,2.4,3.4,1
223,1,3,3,3.8,3.4,5
223,1,4,4,2.6,4.2,5
223,1,5,5,4.2,3,1
223,2,1,6,3.8,4.6,5
223,2,2,7,3.8,4,5
223,2,3,8,3.8,3,4
223,2,4,9,3.4,4.2,2
223,2,5,10,4.2,2.6,5
223,3,1,11,NA,NA,NA
223,3,2,12,NA,NA,NA
223,3,3,13,2.4,4.4,1
223,3,4,14,4.2,2.8,5
223,3,5,15,3,3,5
223,4,1,16,3.6,2.2,5
223,4,2,17,1.4,1.8,2
223,4,3,18,2.8,2.4,2
223,4,4,19,NA,NA,NA
223,4,5,20,NA,NA,NA
223,5,1,21,3.4,2.2,1
223,5,2,22,NA,NA,NA
223,5,3,23,NA,NA,NA
223,5,4,24,3.6,2.6,4
223,5,5,25,3.4,2,5
223,6,1,26,3.4,1,4
223,6,2,27,2.8,2.4,2
223,6,3,28,3.8,1.4,4
223,6,4,29,3.6,1,5
223,6,5,30,3.4,1.4,5
223,7,1,31,2.8,1.4,5
223,7,2,32,2.4,1.6,1
223,7,3,33,3.2,1.4,5
223,7,4,34,2.8,1.2,5
223,7,5,35,2.8,1.4,3
223,8,1,36,3.2,1.2,5
223,8,2,37,3,1.2,4
223,8,3,38,3,1,2
223,8,4,39,2.8,1.4,5
223,8,5,40,3.6,1.4,5
223,9,1,41,3.8,1.6,5
223,9,2,42,2.6,1.2,3
223,9,3,43,2.6,1,3
223,9,4,44,2.8,1,5
223,9,5,45,2.4,1.8,5
223,10,1,46,3.2,1,5
223,10,2,47,1.4,1.2,2
223,10,3,48,2.8,1,4
223,10,4,49,2.8,1.2,5
223,10,5,50,2.6,1.4,3
223,11,1,51,2.6,2.4,5
223,11,2,52,1.6,1.2,2
223,11,3,53,3,1.2,5
223,11,4,54,2.6,1.4,4
223,11,5,55,2.4,1.2,4
223,12,1,56,2.6,2,5
223,12,2,57,1.8,1.8,3
223,12,3,58,2.4,1.2,5
223,12,4,59,2.4,1.8,1
223,12,5,60,2.4,1.6,4
223,13,1,61,2.6,1.8,3
223,13,2,62,2.6,1.4,4
223,13,3,63,2.4,1.6,5
223,13,4,64,3,1.4,3
223,13,5,65,2.2,1.8,3
223,14,1,66,2.2,1,5
223,14,2,67,2,1.2,3
223,14,3,68,3,1.2,5
223,14,4,69,2.8,1.2,5
223,14,5,70,2.6,1,5
225,1,1,1,NA,NA,NA
225,1,2,2,NA,NA,NA
225,1,3,3,NA,NA,NA
225,1,4,4,3.6,1,5
225,1,5,5,4.2,1.2,5
225,2,1,6,4.8,1,5
225,2,2,7,3.6,1,4
225,2,3,8,4,1,5
225,2,4,9,5,1,5
225,2,5,10,5,1,5
225,3,1,11,5,1,5
225,3,2,12,5,1,5
225,3,3,13,5,1,5
225,3,4,14,5,1,5
225,3,5,15,5,1,5
225,4,1,16,5,1,5
225,4,2,17,5,1,5
225,4,3,18,5,1,5
225,4,4,19,5,1,5
225,4,5,20,5,1,5
225,5,1,21,5,1,5
225,5,2,22,5,1,5
225,5,3,23,4.6,1.8,5
225,5,4,24,5,1,5
225,5,5,25,2.6,4.2,4
225,6,1,26,NA,NA,NA
225,6,2,27,NA,NA,NA
225,6,3,28,5,1,5
225,6,4,29,5,1,5
225,6,5,30,5,1,5
225,7,1,31,5,1,5
225,7,2,32,3.4,1,3
225,7,3,33,5,1,5
225,7,4,34,5,1,5
225,7,5,35,5,1,5
225,8,1,36,5,1,5
225,8,2,37,5,1,5
225,8,3,38,5,1,5
225,8,4,39,5,1,5
225,8,5,40,5,1,5
225,9,1,41,5,1,5
225,9,2,42,5,1,5
225,9,3,43,5,1,5
225,9,4,44,5,1,5
225,9,5,45,5,1,5
225,10,1,46,5,1,5
225,10,2,47,5,1,5
225,10,3,48,NA,NA,NA
225,10,4,49,NA,NA,NA
225,10,5,50,NA,NA,NA
225,11,1,51,NA,NA,NA
225,11,2,52,5,1.8,5
225,11,3,53,5,1.8,5
225,11,4,54,5,1.8,5
225,11,5,55,5,1.8,5
225,12,1,56,5,1,5
225,12,2,57,5,1,5
225,12,3,58,5,1.8,5
225,12,4,59,5,1.8,5
225,12,5,60,5,1.8,5
225,13,1,61,5,1,5
225,13,2,62,5,1.8,5
225,13,3,63,5,1.8,5
225,13,4,64,5,1.8,5
225,13,5,65,5,1,5
225,14,1,66,5,1,5
225,14,2,67,5,1,5
225,14,3,68,5,1,5
225,14,4,69,5,1,5
225,14,5,70,5,1,5
